seed,record_id,compound_id,endpoint,observed,predicted,uncertainty
42,BIO_5697,CMP_6a78ec62602000d01409,BAF,3.4600000000000004,4.335174538338708,0.31337899939247416
42,BIO_5698,CMP_6a78ec62602000d01409,BAF,3.18,4.443606493822967,0.34613176048089217
42,BIO_5699,CMP_6a78ec62602000d01409,BAF,3.45,4.684938970370455,0.3264336759917967
42,BIO_6010,CMP_83aa37c8a37d61e51382,BAF,3.29,2.285940333380919,0.4729615914937792
42,BIO_6011,CMP_83aa37c8a37d61e51382,BAF,1.3,2.2649328588760302,0.5170113901527431
42,BIO_6012,CMP_83aa37c8a37d61e51382,BAF,3.140000000000001,2.6210865077926546,0.4461160209614232
42,BIO_6506,CMP_ba6c40d3726d16919ab2,BAF,5.340000000000001,4.074935255671491,0.2270123012463152
42,BIO_6507,CMP_ba6c40d3726d16919ab2,BAF,5.200000000000001,4.019773935079193,0.23717024766351882
42,BIO_6593,CMP_ba6c40d3726d16919ab2,BAF,3.012837224705172,3.167829663996221,0.23226649703841415
42,BIO_6594,CMP_ba6c40d3726d16919ab2,BAF,3.840733234611807,3.321895426149373,0.1970039965339259
42,BIO_6595,CMP_ba6c40d3726d16919ab2,BAF,3.99563519459755,3.190156094382254,0.21081792262493645
42,BIO_6596,CMP_ba6c40d3726d16919ab2,BAF,4.44870631990508,3.0486894568084404,0.23204174910089093
42,BIO_6597,CMP_ba6c40d3726d16919ab2,BAF,4.429752280002408,3.249032215045328,0.22470035196517063
42,BIO_6598,CMP_ba6c40d3726d16919ab2,BAF,4.515476441382376,3.1166644524992817,0.23026873228130784
42,BIO_6605,CMP_83aa37c8a37d61e51382,BAF,1.0,2.540337768809038,0.3509302178521709
42,BIO_6606,CMP_83aa37c8a37d61e51382,BAF,2.3364597338485296,2.490535102711453,0.35209005581544683
42,BIO_6607,CMP_83aa37c8a37d61e51382,BAF,2.663700925389648,2.7481562249700016,0.30322973445806484
42,BIO_6608,CMP_83aa37c8a37d61e51382,BAF,2.639486489268586,2.4501911196781965,0.4060290513381339
42,BIO_6609,CMP_83aa37c8a37d61e51382,BAF,2.651278013998144,2.685248707226907,0.3603774811293119
42,BIO_6610,CMP_83aa37c8a37d61e51382,BAF,2.8432327780980096,2.5288123579442225,0.361184848480353
42,BIO_6642,CMP_6a78ec62602000d01409,BAF,4.471144965160633,4.278763268232718,0.2983158996479436
42,BIO_6643,CMP_6a78ec62602000d01409,BAF,4.121887985103681,4.329444934362727,0.3488095771464404
42,BIO_6644,CMP_6a78ec62602000d01409,BAF,4.685741738602264,4.392288382893057,0.37955175883384584
42,BIO_6645,CMP_6a78ec62602000d01409,BAF,4.318063334962762,4.265970039571206,0.3012230858910937
42,BIO_6646,CMP_6a78ec62602000d01409,BAF,5.035029282202368,4.469598550672223,0.3786495238625113
42,BIO_6647,CMP_6a78ec62602000d01409,BAF,5.179551791165188,4.600036483555328,0.33445256416789954
42,BIO_6711,CMP_d645aa79f55e85d0da2e,BAF,0.4900000000000001,0.8537415057631026,0.8437221116800628
42,BIO_6712,CMP_d645aa79f55e85d0da2e,BAF,-0.08,0.42322970499267276,0.766819533906356
42,BIO_6725,CMP_ba6c40d3726d16919ab2,BAF,4.430000000000001,4.23159389716156,0.18944501653884938
42,BIO_6726,CMP_ba6c40d3726d16919ab2,BAF,3.9100000000000006,3.8843413311812576,0.1684308420073912
42,BIO_6727,CMP_ba6c40d3726d16919ab2,BAF,3.1700000000000004,3.2253443115671803,0.17048834744955974
42,BIO_6738,CMP_83aa37c8a37d61e51382,BAF,2.56,1.9358738152819641,0.6515622237412887
42,BIO_6739,CMP_83aa37c8a37d61e51382,BAF,2.3000000000000003,1.7655274406455388,0.46140671017901763
42,BIO_5944,CMP_d645aa79f55e85d0da2e,BCF,1.73,1.1469553797812857,0.6109507996422575
42,BIO_5945,CMP_d645aa79f55e85d0da2e,BCF,1.7,1.3111469494104373,0.6510854553890432
42,BIO_5946,CMP_d645aa79f55e85d0da2e,BCF,0.75,0.7024521134380415,0.7275700381466188
42,BIO_5947,CMP_d645aa79f55e85d0da2e,BCF,0.67,0.4942516270313491,0.7063967141721027
42,BIO_5948,CMP_d645aa79f55e85d0da2e,BCF,1.02,1.0594810224446343,0.670022607296684
42,BIO_5949,CMP_d645aa79f55e85d0da2e,BCF,1.06,0.8483279657883108,0.6448663224260359
42,BIO_5995,CMP_83aa37c8a37d61e51382,BCF,2.56,2.494756810984451,0.43137386663615646
42,BIO_5996,CMP_83aa37c8a37d61e51382,BCF,2.39,2.4179995220300334,0.38208028985216463
42,BIO_5997,CMP_83aa37c8a37d61e51382,BCF,1.69,1.8659645083849399,0.4844589126240405
42,BIO_5998,CMP_83aa37c8a37d61e51382,BCF,1.56,1.4983245336664746,0.5940140229803176
42,BIO_5999,CMP_83aa37c8a37d61e51382,BCF,2.74,2.0451151716960903,0.4441713887917446
42,BIO_6000,CMP_83aa37c8a37d61e51382,BCF,2.58,2.4196788339041877,0.39650344194942666
42,BIO_6495,CMP_ba6c40d3726d16919ab2,BCF,4.14,4.335039358146082,0.12091822650217215
42,BIO_6497,CMP_ba6c40d3726d16919ab2,BCF,3.64,3.647750496525393,0.12363982290487971
42,BIO_6498,CMP_ba6c40d3726d16919ab2,BCF,3.63,3.6203145617599715,0.1235503852056279
42,BIO_6499,CMP_ba6c40d3726d16919ab2,BCF,4.31,3.956319358533292,0.0966190160473077
42,BIO_6500,CMP_ba6c40d3726d16919ab2,BCF,3.81,3.8149067150880227,0.12092602886681787
