test_cas,chem_dtxsid,chem_name,chem_pcp_can_smiles,chem_inchikey,n_atoms,in_pool,in_strict_PFAS
50594-66-6,DTXSID0020022,Acifluorfen,C1=CC(=C(C=C1C(F)(F)F)Cl)OC2=CC(=C(C=C2)[N+](=O)[O-])C(=O)O,,24,True,True
82657-04-3,DTXSID9020160,Bifenthrin,CC1=C(C=CC=C1C2=CC=CC=C2)COC(=O)C3C(C3(C)C)C=C(C(F)(F)F)Cl,,29,True,True
2164-17-2,DTXSID8020628,Fluometuron,CN(C)C(=O)NC1=CC=CC(=C1)C(F)(F)F,,16,True,True
56296-78-7,DTXSID7020635,Fluoxetine hydrochloride,CNCCC(C1=CC=CC=C1)OC2=CC=C(C=C2)C(F)(F)F.Cl,,23,True,True
57-68-1,DTXSID6021290,Sulfamethazine,CC1=CC(=NC(=N1)NS(=O)(=O)C2=CC=C(C=C2)N)C,,19,True,True
811-97-2,DTXSID1021324,"1,1,1,2-Tetrafluoroethane",C(C(F)(F)F)F,,6,True,True
1582-09-8,DTXSID4021395,Trifluralin,CCCN(CCC)C1=C(C=C(C=C1[N+](=O)[O-])C(F)(F)F)[N+](=O)[O-],,23,True,True
75-89-8,DTXSID0021751,"2,2,2-Trifluoroethanol",C(C(F)(F)F)O,,6,True,True
88-30-2,DTXSID7021788,3-Trifluoromethyl-4-nitrophenol,C1=CC(=C(C=C1O)C(F)(F)F)[N+](=O)[O-],,14,True,True
368-77-4,DTXSID4022026,"alpha,alpha,alpha-Trifluoro-m-tolunitrile",C1=CC(=CC(=C1)C(F)(F)F)C#N,,12,True,True
393-39-5,DTXSID9022029,"alpha,alpha,alpha-4-Tetrafluoro-o-toluidine",C1=CC(=C(C=C1F)C(F)(F)F)N,,12,True,True
447-60-9,DTXSID3022031,"alpha,alpha,alpha-Trifluoro-o-tolunitrile",C1=CC=C(C(=C1)C#N)C(F)(F)F,,12,True,True
454-89-7,DTXSID8022032,"alpha,alpha,alpha-Trifluoro-m-tolualdehyde",C1=CC(=CC(=C1)C(F)(F)F)C=O,,12,True,True
920-66-1,DTXSID1022134,"1,1,1,3,3,3-Hexafluoro-2-propanol",C(C(F)(F)F)(C(F)(F)F)O,,10,True,True
2357-47-3,DTXSID1022184,"alpha,alpha,alpha-4-Tetrafluoro-m-toluidine",C1=CC(=C(C=C1N)C(F)(F)F)F,,12,True,True
29553-26-2,DTXSID9022283,"2-Methyl-3,3,4,4-tetrafluoro-2-butanol",CC(C)(C(C(F)F)(F)F)O,,10,True,True
129453-61-8,DTXSID4022369,Fulvestrant,CC12CCC3C(C1CCC2O)C(CC4=C3C=CC(=C4)O)CCCCCCCCCS(=O)CCCC(C(F)(F)F)(F)F,,41,True,True
169590-42-5,DTXSID0022777,Celecoxib,CC1=CC=C(C=C1)C2=CC(=NN2C3=CC=C(C=C3)S(=O)(=O)N)C(F)(F)F,,26,True,True
54910-89-3,DTXSID7023067,(+/-) -Fluoxetine,CNCCC(C1=CC=CC=C1)OC2=CC=C(C=C2)C(F)(F)F,,22,True,True
62476-59-9,DTXSID7023853,Acifluorfen-sodium,C1=CC(=C(C=C1C(F)(F)F)Cl)OC2=CC(=C(C=C2)[N+](=O)[O-])C(=O)[O-].[Na+],,25,True,True
67485-29-4,DTXSID6023868,Hydramethylnon,CC1(CNC(=NC1)NN=C(C=CC2=CC=C(C=C2)C(F)(F)F)C=CC3=CC=C(C=C3)C(F)(F)F)C,,35,True,True
1861-40-1,DTXSID3023899,Benfluralin,CCCCN(CC)C1=C(C=C(C=C1[N+](=O)[O-])C(F)(F)F)[N+](=O)[O-],,23,True,True
59756-60-4,DTXSID8024107,Fluridone,CN1C=C(C(=O)C(=C1)C2=CC(=CC=C2)C(F)(F)F)C3=CC=CC=C3,,24,True,True
56425-91-3,DTXSID3024108,Flurprimidol,CC(C)C(C1=CC=C(C=C1)OC(F)(F)F)(C2=CN=CN=C2)O,,22,True,True
66332-96-5,DTXSID8024109,Flutolanil,CC(C)OC1=CC=CC(=C1)NC(=O)C2=CC=CC=C2C(F)(F)F,,23,True,True
69409-94-5,DTXSID7024110,Fluvalinate,CC(C)C(C(=O)OC(C#N)C1=CC(=CC=C1)OC2=CC=CC=C2)NC3=C(C=C(C=C3)C(F)(F)F)Cl,,35,True,True
72178-02-0,DTXSID7024112,Fomesafen,CS(=O)(=O)NC(=O)C1=C(C=CC(=C1)OC2=C(C=C(C=C2)C(F)(F)F)Cl)[N+](=O)[O-],,28,True,True
77501-63-4,DTXSID7024160,Lactofen,CCOC(=O)C(C)OC(=O)C1=C(C=CC(=C1)OC2=C(C=C(C=C2)C(F)(F)F)Cl)[N+](=O)[O-],,31,True,True
27314-13-2,DTXSID8024234,Norflurazon,CNC1=C(C(=O)N(N=C1)C2=CC=CC(=C2)C(F)(F)F)Cl,,20,True,True
42874-03-3,DTXSID7024241,Oxyfluorfen,CCOC1=C(C=CC(=C1)OC2=C(C=C(C=C2)C(F)(F)F)Cl)[N+](=O)[O-],,24,True,True
98-16-8,DTXSID9024512,3-(Trifluoromethyl)aniline,C1=CC(=CC(=C1)N)C(F)(F)F,,11,True,True
98-08-8,DTXSID2024589,Benzotrifluoride,C1=CC=C(C=C1)C(F)(F)F,,10,True,True
3622-84-2,DTXSID7027540,N-Butylbenzenesulfonamide,CCCCNS(=O)(=O)C1=CC=CC=C1,,14,True,True
24448-09-7,DTXSID7027831,N-Methylperfluorooctanesulfonamidoethanol,CN(CCO)S(=O)(=O)C(C(C(C(C(C(C(C(F)(F)F)(F)F)(F)F)(F)F)(F)F)(F)F)(F)F)(F)F,,33,True,True
25646-71-3,DTXSID2027882,"Methanesulfonamide, N-[2-[(4-amino-3-methylphenyl)ethylamino]ethyl]-, sulfate (2:3)",CCN(CCNS(=O)(=O)C)C1=CC(=C(C=C1)N)C.CCN(CCNS(=O)(=O)C)C1=CC(=C(C=C1)N)C.OS(=O)(=O)O.OS(=O)(=O)O.OS(=O)(=O)O,,51,True,True
678-39-7,DTXSID7029904,"1,1,2,2-Tetrahydroperfluoro-1-decanol",C(CO)C(C(C(C(C(C(C(C(F)(F)F)(F)F)(F)F)(F)F)(F)F)(F)F)(F)F)(F)F,,28,True,True
335-76-2,DTXSID3031860,PFDA,C(=O)(C(C(C(C(C(C(C(C(C(F)(F)F)(F)F)(F)F)(F)F)(F)F)(F)F)(F)F)(F)F)(F)F)O,,31,True,True
307-55-1,DTXSID8031861,Perfluorododecanoic acid,C(=O)(C(C(C(C(C(C(C(C(C(C(C(F)(F)F)(F)F)(F)F)(F)F)(F)F)(F)F)(F)F)(F)F)(F)F)(F)F)(F)F)O,,37,True,True
307-24-4,DTXSID3031862,PFHxA,C(=O)(C(C(C(C(C(F)(F)F)(F)F)(F)F)(F)F)(F)F)O,,19,True,True
375-95-1,DTXSID8031863,PFNA,C(=O)(C(C(C(C(C(C(C(C(F)(F)F)(F)F)(F)F)(F)F)(F)F)(F)F)(F)F)(F)F)O,,28,True,True
1763-23-1,DTXSID3031864,PFOS,C(C(C(C(C(F)(F)S(=O)(=O)O)(F)F)(F)F)(F)F)(C(C(C(F)(F)F)(F)F)(F)F)(F)F,,29,True,True
335-67-1,DTXSID8031865,PFOA,C(=O)(C(C(C(C(C(C(C(F)(F)F)(F)F)(F)F)(F)F)(F)F)(F)F)(F)F)O,,25,True,True
13311-84-7,DTXSID7032004,Flutamide,CC(C)C(=O)NC1=CC(=C(C=C1)[N+](=O)[O-])C(F)(F)F,,19,True,True
97886-45-8,DTXSID9032379,Dithiopyr,CC(C)CC1=C(C(=NC(=C1C(=O)SC)C(F)(F)F)C(F)F)C(=O)SC,,25,True,True
55283-68-6,DTXSID8032386,Ethalfluralin,CCN(CC(=C)C)C1=C(C=C(C=C1[N+](=O)[O-])C(F)(F)F)[N+](=O)[O-],,23,True,True
29457-72-5,DTXSID2032421,Lithium perfluorooctane sulfonate,[Li+].C(C(C(C(C(F)(F)S(=O)(=O)[O-])(F)F)(F)F)(F)F)(C(C(C(F)(F)F)(F)F)(F)F)(F)F,,30,True,True
117718-60-2,DTXSID1032488,Thiazopyr,CC(C)CC1=C(C(=NC(=C1C(=O)OC)C(F)F)C(F)(F)F)C2=NCCS2,,26,True,True
68694-11-1,DTXSID2032500,Triflumizole,CCCOCC(=NC1=C(C=C(C=C1)Cl)C(F)(F)F)N2C=CN=C2,,23,True,True
122453-73-0,DTXSID9032533,Chlorfenapyr,CCOCN1C(=C(C(=C1C(F)(F)F)Br)C#N)C2=CC=C(C=C2)Cl,,23,True,True
79622-59-6,DTXSID7032551,Fluazinam,C1=C(C=NC(=C1Cl)NC2=C(C=C(C(=C2[N+](=O)[O-])Cl)C(F)(F)F)[N+](=O)[O-])C(F)(F)F,,29,True,True
142459-58-3,DTXSID2032552,Flufenacet,CC(C)N(C1=CC=C(C=C1)F)C(=O)COC2=NN=C(S2)C(F)(F)F,,24,True,True
62924-70-3,DTXSID7032553,Flumetralin,CCN(CC1=C(C=CC=C1Cl)F)C2=C(C=C(C=C2[N+](=O)[O-])C(F)(F)F)[N+](=O)[O-],,28,True,True
91465-08-6,DTXSID7032559,lambda-Cyhalothrin,CC1(C(C1C(=O)OC(C#N)C2=CC(=CC=C2)OC3=CC=CC=C3)C=C(C(F)(F)F)Cl)C,,31,True,True
79538-32-2,DTXSID5032577,Tefluthrin,CC1=C(C(=C(C(=C1F)F)COC(=O)C2C(C2(C)C)C=C(C(F)(F)F)Cl)F)F,,27,True,True
141517-21-7,DTXSID4032580,Trifloxystrobin,CC(=NOCC1=CC=CC=C1C(=NOC)C(=O)OC)C2=CC(=CC=C2)C(F)(F)F,,29,True,True
63333-35-7,DTXSID8032590,Bromethalin,CN(C1=C(C=C(C=C1[N+](=O)[O-])[N+](=O)[O-])C(F)(F)F)C2=C(C=C(C=C2Br)Br)Br,,27,True,True
33245-39-5,DTXSID9032614,Fluchloralin,CCCN(CCCl)C1=C(C=C(C=C1[N+](=O)[O-])C(F)(F)F)[N+](=O)[O-],,23,True,True
86479-06-3,DTXSID3032620,Hexaflumuron,C1=CC(=C(C(=C1)F)C(=O)NC(=O)NC2=CC(=C(C(=C2)Cl)OC(C(F)F)(F)F)Cl)F,,29,True,True
4151-50-2,DTXSID1032646,Sulfluramid,CCNS(=O)(=O)C(C(C(C(C(C(C(C(F)(F)F)(F)F)(F)F)(F)F)(F)F)(F)F)(F)F)(F)F,,31,True,True
173584-44-6,DTXSID1032690,Indoxacarb,COC(=O)C12CC3=C(C1=NN(CO2)C(=O)N(C4=CC=C(C=C4)OC(F)(F)F)C(=O)OC)C=CC(=C3)Cl,,36,True,True
29091-21-2,DTXSID1034210,Prodiamine,CCCN(CCC)C1=C(C=C(C(=C1[N+](=O)[O-])N)C(F)(F)F)[N+](=O)[O-],,24,True,True
53780-36-2,DTXSID3034298,Mefluidide-diolamine,CC1=CC(=C(C=C1NC(=O)C)NS(=O)(=O)C(F)(F)F)C.C(CO)NCCO,,27,True,True
64628-44-0,DTXSID5034355,Triflumuron,C1=CC=C(C(=C1)C(=O)NC(=O)NC2=CC=C(C=C2)OC(F)(F)F)Cl,,24,True,True
103055-07-8,DTXSID5034357,Lufenuron,C1=CC(=C(C(=C1)F)C(=O)NC(=O)NC2=CC(=C(C=C2Cl)OC(C(C(F)(F)F)F)(F)F)Cl)F,,32,True,True
134605-64-4,DTXSID9034365,Butafenacil,CC(C)(C(=O)OCC=C)OC(=O)C1=C(C=CC(=C1)N2C(=O)C=C(N(C2=O)C)C(F)(F)F)Cl,,32,True,True
76703-62-3,DTXSID1034501,gamma-Cyhalothrin,CC1(C(C1C(=O)OC(C#N)C2=CC(=CC=C2)OC3=CC=CC=C3)C=C(C(F)(F)F)Cl)C,,31,True,True
120068-37-3,DTXSID4034609,Fipronil,C1=C(C=C(C(=C1Cl)N2C(=C(C(=N2)C#N)S(=O)C(F)(F)F)N)Cl)C(F)(F)F,,26,True,True
104040-78-0,DTXSID3034610,Flazasulfuron,COC1=CC(=NC(=N1)NC(=O)NS(=O)(=O)C2=C(C=CC=N2)C(F)(F)F)OC,,27,True,True
158062-67-0,DTXSID8034611,Flonicamid,C1=CN=CC(=C1C(F)(F)F)C(=O)NCC#N,,16,True,True
69806-50-4,DTXSID3034612,Fluazifop-butyl,CCCCOC(=O)C(C)OC1=CC=C(C=C1)OC2=NC=C(C=C2)C(F)(F)F,,27,True,True
181274-17-9,DTXSID3034614,Flucarbazone-sodium,CN1C(=NN(C1=O)C(=NS(=O)(=O)C2=CC=CC=C2OC(F)(F)F)[O-])OC.[Na+],,27,True,True
188489-07-8,DTXSID3034618,Flufenpyr-ethyl,CCOC(=O)COC1=C(C=C(C(=C1)N2C(=O)C(=C(C=N2)C(F)(F)F)C)F)Cl,,27,True,True
239110-15-7,DTXSID7034624,Fluopicolide,C1=CC(=C(C(=C1)Cl)C(=O)NCC2=C(C=C(C=N2)C(F)(F)F)Cl)Cl,,23,True,True
53780-34-0,DTXSID7034709,Mefluidide,CC1=CC(=C(C=C1NC(=O)C)NS(=O)(=O)C(F)(F)F)C,,20,True,True
141112-29-0,DTXSID5034723,Isoxaflutole,CS(=O)(=O)C1=C(C=CC(=C1)C(F)(F)F)C(=O)C2=C(ON=C2)C3CC3,,24,True,True
116714-46-6,DTXSID5034773,Novaluron,C1=CC(=C(C(=C1)F)C(=O)NC(=O)NC2=CC(=C(C=C2)OC(C(OC(F)(F)F)F)(F)F)Cl)F,,32,True,True
121451-02-3,DTXSID0034774,Noviflumuron,C1=CC(=C(C(=C1)F)C(=O)NC(=O)NC2=CC(=C(C(=C2F)Cl)OC(C(C(F)(F)F)F)(F)F)Cl)F,,33,True,True
219714-96-2,DTXSID0034803,Penoxsulam,COC1=CN=C(N2C1=NC(=N2)NS(=O)(=O)C3=C(C=CC=C3OCC(F)F)C(F)(F)F)OC,,32,True,True
79241-46-6,DTXSID0034855,Fluazifop-P-butyl,CCCCOC(=O)C(C)OC1=CC=C(C=C1)OC2=NC=C(C=C2)C(F)(F)F,,27,True,True
94125-34-5,DTXSID9034868,Prosulfuron,CC1=NC(=NC(=N1)OC)NC(=O)NS(=O)(=O)C2=CC=CC=C2CCC(F)(F)F,,28,True,True
179101-81-6,DTXSID8034875,Pyridalyl,C1=CC(=NC=C1C(F)(F)F)OCCCOC2=C(C=C(C=C2Cl)OCC=C(Cl)Cl)Cl,,29,True,True
112281-77-3,DTXSID8034956,Tetraconazole,C1=CC(=C(C=C1Cl)Cl)C(CN2C=NC=N2)COC(C(F)F)(F)F,,23,True,True
375-85-9,DTXSID1037303,Perfluoroheptanoic acid,C(=O)(C(C(C(C(C(C(F)(F)F)(F)F)(F)F)(F)F)(F)F)(F)F)O,,22,True,True
15457-05-3,DTXSID7037553,Fluorodifen,C1=CC(=CC=C1[N+](=O)[O-])OC2=C(C=C(C=C2)C(F)(F)F)[N+](=O)[O-],,23,True,True
102851-06-9,DTXSID7037555,tau-Fluvalinate,CC(C)C(C(=O)OC(C#N)C1=CC(=CC=C1)OC2=CC=CC=C2)NC3=C(C=C(C=C3)C(F)(F)F)Cl,,35,True,True
2795-39-3,DTXSID8037706,PFOS-K,C(C(C(C(C(F)(F)S(=O)(=O)[O-])(F)F)(F)F)(F)F)(C(C(C(F)(F)F)(F)F)(F)F)(F)F.[K+],,30,True,True
29420-49-3,DTXSID3037707,PFBS-K,C(C(C(F)(F)S(=O)(=O)[O-])(F)F)(C(F)(F)F)(F)F.[K+],,18,True,True
3825-26-1,DTXSID8037708,"PFOA, ammonium salt",C(=O)(C(C(C(C(C(C(C(F)(F)F)(F)F)(F)F)(F)F)(F)F)(F)F)(F)F)O.N,,26,True,True
1478-61-1,DTXSID7037717,Bisphenol AF,C1=CC(=CC=C1C(C2=CC=C(C=C2)O)(C(F)(F)F)C(F)(F)F)O,,23,True,True
29091-05-2,DTXSID9040265,Dinitramine,CCN(CC)C1=C(C=C(C(=C1[N+](=O)[O-])N)C(F)(F)F)[N+](=O)[O-],,22,True,True
62441-54-7,DTXSID0040331,Fentrifanil,C1=CC(=C(C=C1C(F)(F)F)NC2=C(C=C(C=C2[N+](=O)[O-])[N+](=O)[O-])C(F)(F)F)Cl,,28,True,True
139968-49-3,DTXSID6040373,Metaflumizone,C1=CC(=CC(=C1)C(F)(F)F)C(=NNC(=O)NC2=CC=C(C=C2)OC(F)(F)F)CC3=CC=C(C=C3)C#N,,36,True,True
144171-61-9,DTXSID3040801,(+-)-Indoxacarb,COC(=O)C12CC3=C(C1=NN(CO2)C(=O)N(C4=CC=C(C=C4)OC(F)(F)F)C(=O)OC)C=CC(=C3)Cl,,36,True,True
83164-33-4,DTXSID4041494,Diflufenican,C1=CC(=CC(=C1)OC2=C(C=CC=N2)C(=O)NC3=C(C=C(C=C3)F)F)C(F)(F)F,,28,True,True
122454-29-9,DTXSID6041503,Tralopyril,C1=CC(=CC=C1C2=C(C(=C(N2)C(F)(F)F)Br)C#N)Cl,,19,True,True
50594-67-7,DTXSID8041583,Acifluorfen-methyl,COC(=O)C1=C(C=CC(=C1)OC2=C(C=C(C=C2)C(F)(F)F)Cl)[N+](=O)[O-],,25,True,True
23576-24-1,DTXSID1041841,Desmethylnorflurazon,C1=CC(=CC=C1C(F)(F)F)N2C(=O)C(=C(C=N2)N)Cl,,19,True,True
383-63-1,DTXSID8041959,Ethyl trifluoroacetate,CCOC(=O)C(F)(F)F,,9,True,True
14255-88-0,DTXSID2041969,Fenazaflor,C1=CC=C(C=C1)OC(=O)N2C3=CC(=C(C=C3N=C2C(F)(F)F)Cl)Cl,,24,True,True
69806-34-4,DTXSID7042019,Haloxyfop,CC(C(=O)O)OC1=CC=C(C=C1)OC2=C(C=C(C=N2)C(F)(F)F)Cl,,24,True,True
205650-65-3,DTXSID0043719,Fipronil-desulfinyl,C1=C(C=C(C(=C1Cl)N2C(=C(C(=N2)C#N)C(F)(F)F)N)Cl)C(F)(F)F,,24,True,True
54739-18-3,DTXSID2044002,Fluvoxamine,COCCCCC(=NOCCN)C1=CC=C(C=C1)C(F)(F)F,,22,True,True
101908-22-9,DTXSID5044071,"ZM 189,154",CC1(CCC2=C(C1CCCCCCCCCS(=O)CCCC(C(F)(F)F)(F)F)C=CC(=C2)O)C3=CC=C(C=C3)O,,40,True,True
365400-11-9,DTXSID2044343,Pyrasulfotole,CC1=C(C(=O)N(N1)C)C(C2=C(C=C(C=C2)C(F)(F)F)S(=O)(=O)C)O,,24,True,True
422556-08-9,DTXSID7044344,Pyroxsulam,COC1=CC(=NC2=NC(=NN12)NS(=O)(=O)C3=C(C=CN=C3OC)C(F)(F)F)OC,,29,True,True
26399-36-0,DTXSID2044559,Profluralin,CCCN(CC1CC1)C2=C(C=C(C=C2[N+](=O)[O-])C(F)(F)F)[N+](=O)[O-],,24,True,True
647-42-7,DTXSID5044572,"3,3,4,4,5,5,6,6,7,7,8,8,8-Tridecafluorooctan-1-ol",C(CO)C(C(C(C(C(C(F)(F)F)(F)F)(F)F)(F)F)(F)F)(F)F,,22,True,True
333-36-8,DTXSID5046516,Flurothyl,C(C(F)(F)F)OCC(F)(F)F,,11,True,True
335104-84-2,DTXSID5047037,Tembotrione,CS(=O)(=O)C1=C(C(=C(C=C1)C(=O)C2C(=O)CCCC2=O)Cl)COCC(F)(F)F,,28,True,True
117428-22-5,DTXSID9047542,Picoxystrobin,COC=C(C1=CC=CC=C1COC2=CC=CC(=N2)C(F)(F)F)C(=O)OC,,26,True,True
2058-94-8,DTXSID8047553,Perfluoroundecanoic acid,C(=O)(C(C(C(C(C(C(C(C(C(C(F)(F)F)(F)F)(F)F)(F)F)(F)F)(F)F)(F)F)(F)F)(F)F)(F)F)O,,34,True,True
272451-65-7,DTXSID4047672,Flubendiamide,CC1=C(C=CC(=C1)C(C(F)(F)F)(C(F)(F)F)F)NC(=O)C2=C(C(=CC=C2)I)C(=O)NC(C)(C)CS(=O)(=O)C,,38,True,True
98-17-9,DTXSID7052658,3-(Trifluoromethyl)phenol,C1=CC(=CC(=C1)O)C(F)(F)F,,11,True,True
183675-82-3,DTXSID6058005,Penthiopyrad,CC(C)CC(C)C1=C(C=CS1)NC(=O)C2=CN(N=C2C(F)(F)F)C,,24,True,True
372137-35-4,DTXSID9058072,Saflufenacil,CC(C)N(C)S(=O)(=O)NC(=O)C1=CC(=C(C=C1Cl)F)N2C(=O)C=C(N(C2=O)C)C(F)(F)F,,32,True,True
658066-35-4,DTXSID9058151,Fluopyram,C1=CC=C(C(=C1)C(=O)NCCC2=C(C=C(C=N2)C(F)(F)F)Cl)C(F)(F)F,,26,True,True
83066-88-0,DTXSID0058194,Fluazifop-P,CC(C(=O)O)OC1=CC=C(C=C1)OC2=NC=C(C=C2)C(F)(F)F,,23,True,True
80-11-5,DTXSID8058827,"Benzenesulfonamide, N,4-dimethyl-N-nitroso-",CC1=CC=C(C=C1)S(=O)(=O)N(C)N=O,,14,True,True
336-08-3,DTXSID4059833,"Hexanedioic acid, 2,2,3,3,4,4,5,5-octafluoro-",C(=O)(C(C(C(C(C(=O)O)(F)F)(F)F)(F)F)(F)F)O,,18,True,True
355-80-6,DTXSID0059879,"1-Pentanol, 2,2,3,3,4,4,5,5-octafluoro-",C(C(C(C(C(F)F)(F)F)(F)F)(F)F)O,,14,True,True
375-01-9,DTXSID4059914,"1-Butanol, 2,2,3,3,4,4,4-heptafluoro-",C(C(C(C(F)(F)F)(F)F)(F)F)O,,12,True,True
375-22-4,DTXSID4059916,Heptafluorobutyric acid,C(=O)(C(C(C(F)(F)F)(F)F)(F)F)O,,13,True,True
376-06-7,DTXSID3059921,Perfluoromyristic acid,C(=O)(C(C(C(C(C(C(C(C(C(C(C(C(C(F)(F)F)(F)F)(F)F)(F)F)(F)F)(F)F)(F)F)(F)F)(F)F)(F)F)(F)F)(F)F)(F)F)O,,43,True,True
377-38-8,DTXSID8059928,"Butanedioic acid, 2,2,3,3-tetrafluoro-",C(=O)(C(C(C(=O)O)(F)F)(F)F)O,,12,True,True
422-64-0,DTXSID8059970,Pentafluoropropionic acid,C(=O)(C(C(F)(F)F)(F)F)O,,10,True,True
434-64-0,DTXSID1059993,Octafluorotoluene,C1(=C(C(=C(C(=C1F)F)F)F)F)C(F)(F)F,,15,True,True
507-63-1,DTXSID0060147,"Octane, 1,1,1,2,2,3,3,4,4,5,5,6,6,7,7,8,8-heptadecafluoro-8-iodo-",C(C(C(C(C(F)(F)I)(F)F)(F)F)(F)F)(C(C(C(F)(F)F)(F)F)(F)F)(F)F,,26,True,True
2706-90-3,DTXSID6062599,Perfluorovaleric acid,C(=O)(C(C(C(C(F)(F)F)(F)F)(F)F)(F)F)O,,16,True,True
2923-18-4,DTXSID0062715,"Acetic acid, trifluoro-, sodium salt",C(=O)(C(F)(F)F)[O-].[Na+],,8,True,True
22898-01-7,DTXSID9066837,Fluopropanate-sodium,C(C(C(=O)[O-])(F)F)(F)F.[Na+],,10,True,True
27619-97-2,DTXSID6067331,"1-Octanesulfonic acid, 3,3,4,4,5,5,6,6,7,7,8,8,8-tridecafluoro-",C(CS(=O)(=O)O)C(C(C(C(C(C(F)(F)F)(F)F)(F)F)(F)F)(F)F)(F)F,,25,True,True
29081-56-9,DTXSID9067435,"1-Octanesulfonic acid, 1,1,2,2,3,3,4,4,5,5,6,6,7,7,8,8,8-heptadecafluoro-, ammonium salt",C(C(C(C(C(F)(F)S(=O)(=O)O)(F)F)(F)F)(F)F)(C(C(C(F)(F)F)(F)F)(F)F)(F)F.N,,30,True,True
39634-42-9,DTXSID6068191,"Phenol, 4-[4-(trifluoromethyl)phenoxy]-",C1=CC(=CC=C1C(F)(F)F)OC2=CC=C(C=C2)O,,18,True,True
70225-14-8,DTXSID2072049,"1-Octanesulfonic acid, 1,1,2,2,3,3,4,4,5,5,6,6,7,7,8,8,8-heptadecafluoro-, compd. with 2,2'-iminobis[ethanol] (1:1)",C(CO)NCCO.C(C(C(C(C(F)(F)S(=O)(=O)O)(F)F)(F)F)(F)F)(C(C(C(F)(F)F)(F)F)(F)F)(F)F,,36,True,True
120068-36-2,DTXSID6074750,Fipronil Sulfone,C1=C(C=C(C(=C1Cl)N2C(=C(C(=N2)C#N)S(=O)(=O)C(F)(F)F)N)Cl)C(F)(F)F,,27,True,True
402-45-9,DTXSID2075392,4-(Trifluoromethyl)phenol,C1=CC(=CC=C1C(F)(F)F)O,,11,True,True
45298-90-6,DTXSID80108992,Perfluorooctanesulfonate,C(C(C(C(C(F)(F)S(=O)(=O)[O-])(F)F)(F)F)(F)F)(C(C(C(F)(F)F)(F)F)(F)F)(F)F,,29,True,True
1978-24-1,DTXSID90173474,"Oxonane, hexadecafluoro-",C1(C(C(C(C(OC(C(C1(F)F)(F)F)(F)F)(F)F)(F)F)(F)F)(F)F)(F)F,,25,True,True
25366-23-8,DTXSID20180010,Thiazafluron [BSI:ISO],CNC(=O)N(C)C1=NN=C(S1)C(F)(F)F,,15,True,True
330-12-1,DTXSID20186633,4-(Trifluoromethoxy)benzoic acid,C1=CC(=CC=C1C(=O)O)OC(F)(F)F,,14,True,True
394730-71-3,DTXSID20192613,Pyriprole [ISO],C1=CC=NC(=C1)CNC2=C(C(=NN2C3=C(C=C(C=C3Cl)C(F)(F)F)Cl)C#N)SC(F)F,,31,True,True
69004-03-1,DTXSID90219063,Toltrazuril,CC1=C(C=CC(=C1)N2C(=O)NC(=O)N(C2=O)C)OC3=CC=C(C=C3)SC(F)(F)F,,29,True,True
788-41-0,DTXSID30277501,"2,2,3,3,4,4,5,5,6,6,7,7-dodecafluorooxepane",C1(C(C(C(OC(C1(F)F)(F)F)(F)F)(F)F)(F)F)(F)F,,19,True,True
812-70-4,DTXSID90382620,"2H,2H,3H,3H-Perfluorodecanoic acid",C(CC(C(C(C(C(C(C(F)(F)F)(F)F)(F)F)(F)F)(F)F)(F)F)(F)F)C(=O)O,,27,True,True
27854-31-5,DTXSID50451109,"Decanoic acid, 3,3,4,4,5,5,6,6,7,7,8,8,9,9,10,10,10-heptadecafluoro-",C(C(=O)O)C(C(C(C(C(C(C(C(F)(F)F)(F)F)(F)F)(F)F)(F)F)(F)F)(F)F)(F)F,,29,True,True
53826-12-3,DTXSID50472556,"Octanoic acid, 3,3,4,4,5,5,6,6,7,7,8,8,8-tridecafluoro-",C(C(=O)O)C(C(C(C(C(C(F)(F)F)(F)F)(F)F)(F)F)(F)F)(F)F,,23,True,True
70887-84-2,DTXSID60825615,"3,4,4,5,5,6,6,7,7,8,8,9,9,10,10,10-Hexadecafluorodec-2-enoic acid",C(=C(C(C(C(C(C(C(C(F)(F)F)(F)F)(F)F)(F)F)(F)F)(F)F)(F)F)F)C(=O)O,,28,True,True
45187-15-3,DTXSID60873015,Perfluorobutanesulfonate,C(C(C(F)(F)S(=O)(=O)[O-])(F)F)(C(F)(F)F)(F)F,,17,True,True
