dataset,cohort,design,model,endpoint,n,chemicals,MAE,chemical_MAE,RMSE,R2,rho,mode,panel_label
results_final,primary216,chemical,extra_trees_structure_context,BAF,147,17,0.6912376268806512,0.5566636874379561,0.8826028477398511,0.5316380296713147,0.5031726129837091,,
results_final,primary216,chemical,extra_trees_structure_context,BCF,69,12,0.42064545591787467,0.42046879305831153,0.5159182244343914,0.8522187075174845,0.9261990584927867,,
results_final,primary216,chemical,full_multitask,BAF,147,17,0.7035351531382823,0.5110076128986909,0.9157474228317768,0.49580052884294545,0.6349093911170294,,
results_final,primary216,chemical,full_multitask,BCF,69,12,0.4191048522546865,0.42319159060426753,0.5072307397796455,0.8571537471115778,0.9390734048432822,,
results_final,primary216,chemical,full_single_task,BAF,147,17,0.7504536354480352,0.5354469693696648,0.9928795870179029,0.40728742747254953,0.5778834339046705,,
results_final,primary216,chemical,full_single_task,BCF,69,12,0.4318447484898583,0.4338372389135332,0.5360358535069772,0.8404688851810062,0.9364792289491175,,
results_final,primary216,chemical,hist_gradient_structure_context,BAF,147,17,0.6563908133568491,0.6103762213473496,0.8017986625322839,0.6134714028380251,0.6476336785410758,,
results_final,primary216,chemical,hist_gradient_structure_context,BCF,69,12,0.6288610770263643,0.6292600769397677,0.7577699347523651,0.68118961302797,0.7903280862157132,,
results_final,primary216,chemical,nearest_chemical_context,BAF,147,17,1.5165287169092516,1.4220659823761022,1.8358266905765133,-1.0263494128721486,0.3651068308161505,,
results_final,primary216,chemical,nearest_chemical_context,BCF,69,12,1.112415458937198,1.1087962962962965,1.3949068271252771,-0.08030931716252909,0.5036689529130303,,
results_final,primary216,chemical,shuffled_auxiliary_labels,BAF,147,17,0.8184550066198771,0.6204325216107492,1.038334929184191,0.35177481086297135,0.525664892012642,,
results_final,primary216,chemical,shuffled_auxiliary_labels,BCF,69,12,0.47385836696868394,0.4788464821051542,0.5858828884754602,0.8094191103174884,0.9181738469353642,,
results_final,primary216,chemical,simple_graph_context,BAF,147,17,0.7671274021079103,0.6445380560325006,1.0198341457511007,0.37466883537164974,0.5259704799944719,,
results_final,primary216,chemical,simple_graph_context,BCF,69,12,0.5150355259347077,0.5170934827327728,0.635298800967873,0.7759144804116669,0.9145225254521249,,
results_final,primary216,chemical,structure_context,BAF,147,17,0.7397700361013662,0.5553403019066259,0.9511276644176313,0.45608804694212746,0.6172531225550546,,
results_final,primary216,chemical,structure_context,BCF,69,12,0.42812317377264614,0.4295168185884837,0.5153177287139159,0.8525625232017697,0.931553444068589,,
results_final,primary216,chemical,transport_context,BAF,147,17,0.5973042658295182,0.4932563580173607,0.7412021909595871,0.6696879902548531,0.8278690305618494,,
results_final,primary216,chemical,transport_context,BCF,69,12,0.5099635021828642,0.5088525178660649,0.6084783234682238,0.7944355810915567,0.9025357161930756,,
results_final,primary216,study,extra_trees_structure_context,BAF,147,17,0.7655422670855156,0.9845231163999779,0.9422181282783568,0.46623033656984514,0.6652834150543838,,
results_final,primary216,study,full_multitask,BAF,147,17,0.8520377387777567,1.1447466287882406,1.013374025622415,0.38256604044774223,0.6415831036226196,,
results_final,primary216,study,full_single_task,BAF,147,17,0.6831559953763235,0.639057631518384,0.7998636248608525,0.6153348254008459,0.7493145419523175,,
results_final,primary216,study,hist_gradient_structure_context,BAF,147,17,0.8285032335013561,1.0123975845619022,0.9958310158511665,0.4037584012900044,0.578325435001472,,
results_final,primary216,study,nearest_chemical_context,BAF,147,17,1.1430690004748025,1.279215788089121,1.4974541996775501,-0.3482116386408205,0.1493743826891205,,
results_final,primary216,study,shuffled_auxiliary_labels,BAF,147,17,0.8100672316911972,1.1658353493547502,0.9921194355748773,0.40819464492672697,0.6773657631169293,,
results_final,primary216,study,simple_graph_context,BAF,147,17,0.8010147394502828,0.8940256371523608,0.9539058349961621,0.4529059566375965,0.6443617306111802,,
results_final,primary216,study,structure_context,BAF,147,17,0.8487525603385965,1.124003727362593,1.0010000384576552,0.3975525590764587,0.6449441762863569,,
results_final,primary216,study,transport_context,BAF,147,17,0.8907534387898933,1.3181408003764925,1.1414182499183319,0.21667750266285257,0.5048749458375709,,
results_similarity,primary216,similarity70_cluster_0,extra_trees_structure_context,BAF,61,9,0.8295616941949868,0.7539028295347678,1.069407934159944,0.4033683271116094,0.8138068098384905,,
results_similarity,primary216,similarity70_cluster_0,extra_trees_structure_context,BCF,52,9,0.7347566105769203,0.7291765046296267,0.910195440992631,0.5707218339549045,0.8876705104461026,,
results_similarity,primary216,similarity70_cluster_0,full_multitask,BAF,61,9,0.7179860769939176,0.8607050859565698,0.9156764709298107,0.5625749900066639,0.878318350079323,,
results_similarity,primary216,similarity70_cluster_0,full_multitask,BCF,52,9,0.6949175897304171,0.6881628535223013,0.7907427047687914,0.6760038302957626,0.9365635013870088,,
results_similarity,primary216,similarity70_cluster_0,full_single_task,BAF,61,9,0.6879663612902445,0.8232909598393525,0.8702855451697916,0.6048672369443361,0.868376520359598,,
results_similarity,primary216,similarity70_cluster_0,full_single_task,BCF,52,9,0.44455681083788695,0.4455732876291527,0.5537407504415569,0.8411151610583055,0.9351120606172766,,
results_similarity,primary216,similarity70_cluster_0,hist_gradient_structure_context,BAF,61,9,0.8315868374965002,0.9551343567406853,1.0634911881666518,0.40995206817335095,0.8007486493020948,,
results_similarity,primary216,similarity70_cluster_0,hist_gradient_structure_context,BCF,52,9,1.4491402714932127,1.429091503267974,1.6386001527138288,-0.39128297326518746,,,
results_similarity,primary216,similarity70_cluster_0,nearest_chemical_context,BAF,61,9,1.989104322861874,1.5972224618571174,2.321887116939117,-1.8125594080250238,0.29277875745648185,,
results_similarity,primary216,similarity70_cluster_0,nearest_chemical_context,BCF,52,9,1.419807692307692,1.4035185185185186,1.6340481821349275,-0.38356384468950044,0.2850637575496711,,
results_similarity,primary216,similarity70_cluster_0,shuffled_auxiliary_labels,BAF,61,9,0.7726036805288673,0.9395595651618555,0.991578880811885,0.48705117706165746,0.8633527234267583,,
results_similarity,primary216,similarity70_cluster_0,shuffled_auxiliary_labels,BCF,52,9,1.0967650237919029,1.0826371808963544,1.2945653356455191,0.13160475687720485,0.784503736040342,,
results_similarity,primary216,similarity70_cluster_0,simple_graph_context,BAF,61,9,0.6357165711868403,0.7050755544710275,0.8465684642424677,0.6261101515547497,0.8512102593433011,,
results_similarity,primary216,similarity70_cluster_0,simple_graph_context,BCF,52,9,0.5766388117350064,0.5734671337692826,0.6859869831536272,0.7561620839545001,0.9230113233060745,,
results_similarity,primary216,similarity70_cluster_0,structure_context,BAF,61,9,0.7194078099863561,0.7966180491210643,0.8929609402493268,0.5840085296224162,0.8777021288569575,,
results_similarity,primary216,similarity70_cluster_0,structure_context,BCF,52,9,0.7384293676587995,0.7303404676160409,0.8473283866268971,0.6279742504317927,0.9257021938922976,,
results_similarity,primary216,similarity70_cluster_0,transport_context,BAF,61,9,1.4018777488504697,1.422068425176913,1.6362341842156607,-0.39672344862981923,0.6621364357482813,,
results_similarity,primary216,similarity70_cluster_0,transport_context,BCF,52,9,1.1662077944470226,1.1545934897139274,1.3119491648398303,0.10812600102960701,0.3556456780188327,,
results_similarity,primary216,similarity70_cluster_1,extra_trees_structure_context,BAF,3,1,0.7381823656969989,0.7381823656969989,0.7553073446068128,-2.111382052692367,-0.8660254037844387,,
results_similarity,primary216,similarity70_cluster_1,full_multitask,BAF,3,1,0.5785811175153107,0.5785811175153107,0.5859559034330349,-0.8725602271919841,-1.0,,
results_similarity,primary216,similarity70_cluster_1,full_single_task,BAF,3,1,0.4800964474147887,0.4800964474147887,0.5109743174787446,-0.42398059514350694,-1.0,,
results_similarity,primary216,similarity70_cluster_1,hist_gradient_structure_context,BAF,3,1,0.72212397089248,0.72212397089248,0.7255841108851716,-1.8713190629749223,-0.8660254037844387,,
results_similarity,primary216,similarity70_cluster_1,nearest_chemical_context,BAF,3,1,0.7133333333333334,0.7133333333333334,0.7142828571371429,-1.7825718094776346,-0.8660254037844387,,
results_similarity,primary216,similarity70_cluster_1,shuffled_auxiliary_labels,BAF,3,1,0.4242187042465724,0.4242187042465724,0.5459405450764095,-0.6255361221821236,-1.0,,
results_similarity,primary216,similarity70_cluster_1,simple_graph_context,BAF,3,1,0.7649587504069011,0.7649587504069011,0.7670851870462659,-2.2091729230834045,-0.8660254037844387,,
results_similarity,primary216,similarity70_cluster_1,structure_context,BAF,3,1,0.4923653290720553,0.4923653290720553,0.5304316486334667,-0.5344925492959356,-0.8660254037844387,,
results_similarity,primary216,similarity70_cluster_1,transport_context,BAF,3,1,0.5980780220985666,0.5980780220985666,0.7341867663697906,-1.9398084300162148,-0.5,,
results_similarity,primary216,similarity70_cluster_2,extra_trees_structure_context,BAF,45,3,0.5040730204282162,0.40541140485244914,0.6856026629001245,0.28682596627600065,0.5099253576508868,,
results_similarity,primary216,similarity70_cluster_2,extra_trees_structure_context,BCF,17,3,0.4296960018382354,0.4330760416666668,0.48737747212295324,0.7166019410457178,0.7931130713907518,,
results_similarity,primary216,similarity70_cluster_2,full_multitask,BAF,45,3,0.49626950353733523,0.49689279657124413,0.5986982031907816,0.45616589405307584,0.6094861660079051,,
results_similarity,primary216,similarity70_cluster_2,full_multitask,BCF,17,3,0.3423926006990892,0.35607271698846993,0.45890879858161754,0.7487426713495761,0.877450980392157,,
results_similarity,primary216,similarity70_cluster_2,full_single_task,BAF,45,3,0.6776061345914277,0.513579597828905,0.7694322190445365,0.1017623252164549,0.5957839262187088,,
results_similarity,primary216,similarity70_cluster_2,full_single_task,BCF,17,3,0.3824259252541637,0.3927178928088697,0.4550965539610776,0.7528998191798006,0.7916666666666667,,
results_similarity,primary216,similarity70_cluster_2,hist_gradient_structure_context,BAF,45,3,0.9731237362054922,0.9217691819318197,1.0903458406503639,-0.8037613352897184,0.4552069747592232,,
results_similarity,primary216,similarity70_cluster_2,hist_gradient_structure_context,BCF,17,3,0.5617156007372792,0.5626036414325695,0.6622832787291603,0.47669660833222305,0.8040302522073698,,
results_similarity,primary216,similarity70_cluster_2,nearest_chemical_context,BAF,45,3,0.8588145388634161,1.4700209893896516,1.133897155466169,-0.9507331421910121,-0.28494946044379,,
results_similarity,primary216,similarity70_cluster_2,nearest_chemical_context,BCF,17,3,1.4676470588235295,1.5281111111111112,1.7040004832918398,-2.4642194555471986,0.14161625591313232,,
results_similarity,primary216,similarity70_cluster_2,shuffled_auxiliary_labels,BAF,45,3,0.46139504323164005,0.6513124186005333,0.6697489399974805,0.3194271799171974,0.639262187088274,,
results_similarity,primary216,similarity70_cluster_2,shuffled_auxiliary_labels,BCF,17,3,0.3717858926065888,0.38498335022516833,0.47426221973271265,0.7316491171032746,0.8848039215686275,,
results_similarity,primary216,similarity70_cluster_2,simple_graph_context,BAF,45,3,0.40764491455052154,0.36207614679355066,0.5464033534251299,0.5470218611758052,0.6493801853048048,,
results_similarity,primary216,similarity70_cluster_2,simple_graph_context,BCF,17,3,0.3858841503367704,0.3907120935651991,0.48055444501873534,0.7244812454030491,0.8965626024417195,,
results_similarity,primary216,similarity70_cluster_2,structure_context,BAF,45,3,0.4728895708020545,0.5298642811914581,0.6210970015983731,0.4147123015671321,0.5985028203592716,,
results_similarity,primary216,similarity70_cluster_2,structure_context,BCF,17,3,0.34995630910355485,0.36280582080964136,0.46615026312333574,0.7407505542323563,0.8768579298605826,,
results_similarity,primary216,similarity70_cluster_2,transport_context,BAF,45,3,1.4491957765757646,1.2539711152037403,1.6698496435039218,-3.2306321681776113,0.6129117259552042,,
results_similarity,primary216,similarity70_cluster_2,transport_context,BCF,17,3,0.8641579475952588,0.841907524018017,0.9716579361360962,-0.12640034175249437,0.6004901960784315,,
results_similarity,primary216,similarity70_cluster_3,extra_trees_structure_context,BAF,9,1,1.0809279861376047,1.0809279861376047,1.2324137928269143,-2.3053009795903328,-0.7768985960673559,,
results_similarity,primary216,similarity70_cluster_3,full_multitask,BAF,9,1,0.8068563988250944,0.8068563988250944,0.9122835046912766,-0.8111630798409013,-0.33333333333333337,,
results_similarity,primary216,similarity70_cluster_3,full_single_task,BAF,9,1,0.7511365719672907,0.7511365719672907,0.8259752758260726,-0.4846770909307041,-0.08333333333333334,,
results_similarity,primary216,similarity70_cluster_3,hist_gradient_structure_context,BAF,9,1,1.0607169622732178,1.0607169622732178,1.2183950311539122,-2.230532766771757,-0.11952286093343938,,
results_similarity,primary216,similarity70_cluster_3,nearest_chemical_context,BAF,9,1,2.694602121910766,2.694602121910766,3.021037035016222,-18.86140698178674,-0.7768985960673559,,
results_similarity,primary216,similarity70_cluster_3,shuffled_auxiliary_labels,BAF,9,1,1.0696254307171074,1.0696254307171074,1.1730857299727835,-1.9947282240682438,0.0,,
results_similarity,primary216,similarity70_cluster_3,simple_graph_context,BAF,9,1,0.8474468921303571,0.8474468921303571,0.9740575718066758,-1.0647485287663478,-0.11952286093343938,,
results_similarity,primary216,similarity70_cluster_3,structure_context,BAF,9,1,0.9723981008102762,0.9723981008102762,1.083995894254032,-1.5571322325513632,-0.11952286093343938,,
results_similarity,primary216,similarity70_cluster_3,transport_context,BAF,9,1,1.0494727702569466,1.0494727702569466,1.325257480594352,-2.8220682742410297,-0.4666666666666666,,
results_similarity,primary216,similarity70_cluster_4,extra_trees_structure_context,BAF,3,1,0.1220083946889221,0.1220083946889221,0.1543331976618817,0.47561491412702317,0.8660254037844387,,
results_similarity,primary216,similarity70_cluster_4,full_multitask,BAF,3,1,0.5908243314223164,0.5908243314223164,0.6401329386052373,-8.021359128635979,-0.5,,
results_similarity,primary216,similarity70_cluster_4,full_single_task,BAF,3,1,0.3951110560644883,0.3951110560644883,0.47029558583063585,-3.8693773054452745,-0.5,,
results_similarity,primary216,similarity70_cluster_4,hist_gradient_structure_context,BAF,3,1,0.1526358251408877,0.1526358251408877,0.1821489465265459,0.26955932366297886,0.8660254037844387,,
results_similarity,primary216,similarity70_cluster_4,nearest_chemical_context,BAF,3,1,0.61,0.61,0.6206179715949794,-7.479696673189823,-0.8660254037844387,,
results_similarity,primary216,similarity70_cluster_4,shuffled_auxiliary_labels,BAF,3,1,0.7487601321649356,0.7487601321649356,0.7725806692050449,-12.140724104363585,1.0,,
results_similarity,primary216,similarity70_cluster_4,simple_graph_context,BAF,3,1,0.12007297197977677,0.12007297197977677,0.12095205663876356,0.6779241681841488,0.8660254037844387,,
results_similarity,primary216,similarity70_cluster_4,structure_context,BAF,3,1,0.551677984588174,0.551677984588174,0.615637685050608,-7.344148320181615,-0.8660254037844387,,
results_similarity,primary216,similarity70_cluster_4,transport_context,BAF,3,1,0.2563698964592754,0.2563698964592754,0.2930425358150098,-0.8905708174462363,0.5,,
results_similarity,primary216,similarity70_cluster_5,extra_trees_structure_context,BAF,23,1,1.5910121453703938,1.5910121453703938,1.6484945210747963,-9.805830084886031,0.5161230154769408,,
results_similarity,primary216,similarity70_cluster_5,full_multitask,BAF,23,1,2.069228496137948,2.0692284961379483,2.112836192368144,-16.750670947670095,0.5742525502712952,,
results_similarity,primary216,similarity70_cluster_5,full_single_task,BAF,23,1,2.188801851018027,2.1888018510180274,2.2293935128104474,-18.763168991684907,0.5396590231465184,,
results_similarity,primary216,similarity70_cluster_5,hist_gradient_structure_context,BAF,23,1,0.896317852509501,0.896317852509501,0.9695696186168614,-2.7380156474882287,,,
results_similarity,primary216,similarity70_cluster_5,nearest_chemical_context,BAF,23,1,0.9382608695652171,0.938260869565217,1.0006183305727816,-2.9812552946723065,0.6911687680957372,,
results_similarity,primary216,similarity70_cluster_5,shuffled_auxiliary_labels,BAF,23,1,2.1942545843581134,2.1942545843581134,2.2283172524488366,-18.74409189196024,0.5460835353268341,,
results_similarity,primary216,similarity70_cluster_5,simple_graph_context,BAF,23,1,1.9765200908495038,1.9765200908495038,2.0084627457457715,-15.040233247794237,0.5471752747424586,,
results_similarity,primary216,similarity70_cluster_5,structure_context,BAF,23,1,1.725305647375041,1.7253056473750414,1.7791380916293373,-11.586426217730828,0.31182039250296195,,
results_similarity,primary216,similarity70_cluster_5,transport_context,BAF,23,1,1.01198318583922,1.01198318583922,1.0700723706139288,-3.5531233855367272,0.6607363680832372,,
results_similarity,primary216,similarity70_cluster_6,extra_trees_structure_context,BAF,3,1,0.08826506696428582,0.08826506696428582,0.10068921788441716,0.5531593174163532,1.0,,
results_similarity,primary216,similarity70_cluster_6,full_multitask,BAF,3,1,0.5253648786335269,0.525364878633527,0.5554312820287541,-12.597136050464982,0.5,,
results_similarity,primary216,similarity70_cluster_6,full_single_task,BAF,3,1,0.428434711736579,0.42843471173657904,0.5057066707487159,-10.271562838186833,0.5,,
results_similarity,primary216,similarity70_cluster_6,hist_gradient_structure_context,BAF,3,1,0.14106341752007293,0.14106341752007293,0.1864334508367834,-0.5319142229099021,,,
results_similarity,primary216,similarity70_cluster_6,nearest_chemical_context,BAF,3,1,0.18666666666666676,0.18666666666666676,0.21648710508172697,-1.0656219392752218,0.8660254037844387,,
results_similarity,primary216,similarity70_cluster_6,shuffled_auxiliary_labels,BAF,3,1,0.47365481824148215,0.4736548182414821,0.4885757755014266,-9.520845228508247,0.5,,
results_similarity,primary216,similarity70_cluster_6,simple_graph_context,BAF,3,1,0.4393006658554077,0.4393006658554078,0.49990877874067546,-10.014589047786204,0.5,,
results_similarity,primary216,similarity70_cluster_6,structure_context,BAF,3,1,0.46119720228116107,0.4611972022811612,0.49441605483528867,-9.773874228746427,0.5,,
results_similarity,primary216,similarity70_cluster_6,transport_context,BAF,3,1,1.1051325379661294,1.1051325379661294,1.193046879909216,-61.73382820249772,-0.5,,
external,,,extra_trees,BCF,27,9,1.2808963892138256,1.2808963892138263,1.3964579409958202,0.07583020255207862,0.9281909617845142,source_transfer,Hayman_whole_body_BCF
external,,,full_multitask,BCF,27,9,1.6778857676797527,1.6778857676797527,1.8164339634728963,-0.5636346245766721,0.8601953601953601,source_transfer,Hayman_whole_body_BCF
external,,,structure_context,BCF,27,9,1.5883301404732382,1.5883301404732382,1.7340522563532303,-0.42501820723726325,0.8784664459746295,source_transfer,Hayman_whole_body_BCF
external,,,extra_trees,BAF,181,19,0.7307814703536144,0.8069478380083739,1.0088686238184996,-0.14868841394274934,0.47841436137201365,source_transfer,Pickard2024
external,,,full_multitask,BAF,181,19,0.7566901135687779,0.9416458461327517,0.9633553507598499,-0.047384246413483044,0.5566759004212912,source_transfer,Pickard2024
external,,,structure_context,BAF,181,19,0.7485310602232372,0.9316477996215312,0.958019168476867,-0.035813118538881916,0.5743137368509675,source_transfer,Pickard2024
external,,,extra_trees,BAF,57,19,1.2793441583846568,1.279344158384657,1.4307721339363833,-0.8950932938490861,0.858200405795719,source_transfer,Sims2025
external,,,full_multitask,BAF,57,19,1.462630701509801,1.462630701509801,1.580960508032704,-1.313831299466902,0.8774306455794659,source_transfer,Sims2025
external,,,structure_context,BAF,57,19,1.5044797753268917,1.5044797753268917,1.6152080404015234,-1.4151637643542951,0.8739704223269015,source_transfer,Sims2025
external,,,extra_trees,BCF,18,18,0.9084320856757055,0.9084320856757055,0.9650406087022902,-0.1861082508687173,0.9463364293085655,source_transfer,Yao_liver_BCF
external,,,full_multitask,BCF,18,18,0.8708469864618744,0.8708469864618743,0.9461835212910854,-0.1402075429502787,0.8885448916408669,source_transfer,Yao_liver_BCF
external,,,structure_context,BCF,18,18,0.9457871256661766,0.9457871256661767,1.002002714125808,-0.27870671341427933,0.9360165118679051,source_transfer,Yao_liver_BCF
external,,,extra_trees,BCF,27,9,1.3310529118401138,1.331052911840114,1.4988175818147769,-0.06461752069005677,0.8453167687680397,strict_chemical_out,Hayman_whole_body_BCF
external,,,full_multitask,BCF,27,9,1.6612111811344221,1.6612111811344221,1.8954484795469273,-0.7026289753749861,0.9023199023199022,strict_chemical_out,Hayman_whole_body_BCF
external,,,structure_context,BCF,27,9,1.5774339029709583,1.5774339029709585,1.7965578445073571,-0.5296020648249999,0.9116161231812193,strict_chemical_out,Hayman_whole_body_BCF
external,,,extra_trees,BAF,181,19,0.8027794382574875,0.8578130828858174,1.0480187921145308,-0.23957026500460676,0.3884936337867446,strict_chemical_out,Pickard2024
external,,,full_multitask,BAF,181,19,0.7081176861611337,0.8755040540211032,0.8878694886230152,0.1103252329697707,0.5963789070468942,strict_chemical_out,Pickard2024
external,,,structure_context,BAF,181,19,0.7587266017475786,0.9217620172950888,0.9567097230494265,-0.03298350122952587,0.5528406290282054,strict_chemical_out,Pickard2024
external,,,extra_trees,BAF,57,19,1.3017214523992928,1.3017214523992933,1.4162624892432982,-0.8568514190838292,0.8527490420565448,strict_chemical_out,Sims2025
external,,,full_multitask,BAF,57,19,1.431394399756653,1.431394399756653,1.5671814065778398,-1.2736739677600557,0.8563002333419757,strict_chemical_out,Sims2025
external,,,structure_context,BAF,57,19,1.4159956472147104,1.4159956472147102,1.5559989574029074,-1.2413426320574454,0.8463242205068036,strict_chemical_out,Sims2025
external,,,extra_trees,BCF,18,18,0.860736122134039,0.860736122134039,0.9414373734062383,-0.12879744975210206,0.9133126934984519,strict_chemical_out,Yao_liver_BCF
external,,,full_multitask,BCF,18,18,0.8227236925976679,0.8227236925976678,0.9100026244550306,-0.05467448400992292,0.9009287925696594,strict_chemical_out,Yao_liver_BCF
external,,,structure_context,BCF,18,18,0.8694105792217595,0.8694105792217595,0.955055479307677,-0.16169026661010966,0.8988648090815273,strict_chemical_out,Yao_liver_BCF
