compound_id,abbreviation,logKoc_L_per_kg,logKd_L_per_kg,water_solubility_mg_per_L,vapor_pressure_Pa_25C,henry_Pa_m3_per_mol,pKa,source_logKoc,source_solubility,source_vp,method,notes
C001,TFA,0.34,NA,1.0E6,1.5E3,NA,0.23,EPI-Suite,Kim2014,EPI-Suite,measured_and_QSAR,"Ultrashort PFCA; very high solubility."
C002,PFPrA,0.70,NA,5.0E5,1.0E3,NA,0.4,EPI-Suite,EPI-Suite,EPI-Suite,QSAR,""
C003,PFBA,1.06,NA,2.14E5,1.3E3,NA,0.4,Higgins2006,EPI-Suite,EPI-Suite,QSAR_and_lit,"Highly water-soluble."
C004,PFPeA,1.37,NA,1.13E5,5.6E2,NA,0.1,EPI-Suite,EPI-Suite,EPI-Suite,QSAR,""
C005,PFHxA,1.91,NA,2.14E4,2.1E2,0.0046,0.1,Higgins2006,EPI-Suite,EPI-Suite,QSAR,"Mobile in soil."
C006,PFHpA,2.10,NA,4.18E3,7.5E1,NA,-0.1,Higgins2006,EPI-Suite,EPI-Suite,QSAR,""
C007,n-PFOA,2.06,2.39,9.5E3,4.2,0.36,-0.2,Higgins2006,Kaiser2005,Kaiser2005,measured_and_QSAR,"pH-dependent sorption."
C008,br-PFOA,2.00,2.30,9.5E3,4.2,0.36,-0.2,Higgins2006,Kaiser2005,Kaiser2005,measured_and_QSAR,"Slightly less sorptive than linear."
C009,PFNA,2.39,2.71,9.5E0,1.3,NA,-0.2,Higgins2006,EPI-Suite,EPI-Suite,QSAR,""
C010,PFDA,2.96,3.30,5.0E-1,4.0E-1,NA,-0.2,Higgins2006,EPI-Suite,EPI-Suite,QSAR,"Bioaccumulative."
C011,PFUnDA,3.30,3.56,1.0E-1,1.3E-1,NA,-0.2,Higgins2006,EPI-Suite,EPI-Suite,QSAR,""
C012,PFDoDA,3.80,3.94,3.0E-2,4.0E-2,NA,-0.2,Higgins2006,EPI-Suite,EPI-Suite,QSAR,""
C013,PFTrDA,4.00,4.10,1.0E-2,1.5E-2,NA,-0.2,Higgins2006,EPI-Suite,EPI-Suite,QSAR,""
C014,PFTeDA,4.20,4.30,5.0E-3,4.0E-3,NA,-0.2,Higgins2006,EPI-Suite,EPI-Suite,QSAR,"Hydrophobic."
C015,PFPeDA,4.50,4.55,2.0E-3,1.5E-3,NA,-0.2,EPI-Suite,EPI-Suite,EPI-Suite,QSAR,""
C016,PFHxDA,4.80,4.90,5.0E-4,5.0E-4,NA,-0.2,EPI-Suite,EPI-Suite,EPI-Suite,QSAR,""
C017,PFODA,5.20,5.30,1.0E-4,1.0E-4,NA,-0.2,EPI-Suite,EPI-Suite,EPI-Suite,QSAR,"Extreme hydrophobicity."
C018,PFPrS,0.80,NA,5.0E5,8.0E2,NA,0.14,EPI-Suite,EPI-Suite,EPI-Suite,QSAR,""
C019,PFBS,1.18,NA,3.46E5,6.3E2,NA,0.14,Higgins2006,3M2002,3M2002,measured,"Mobile."
C020,PFPeS,1.60,NA,1.0E5,2.0E2,NA,0.14,EPI-Suite,EPI-Suite,EPI-Suite,QSAR,""
C021,n-PFHxS,2.05,2.32,1.4E3,4.7E1,NA,0.14,Higgins2006,3M2002,EPI-Suite,measured_and_QSAR,"Stockholm POP 2022."
C022,br-PFHxS,2.00,2.25,1.4E3,4.7E1,NA,0.14,Higgins2006,3M2002,EPI-Suite,measured_and_QSAR,"Branched isomer."
C023,PFHpS,2.40,NA,2.0E2,NA,NA,0.14,Higgins2006,EPI-Suite,NA,QSAR,""
C024,n-PFOS,2.57,2.80,5.7E2,3.3E-4,3.1E-4,-3.3,Higgins2006,3M2002,3M2002,measured,"Anion form dominant."
C025,br-PFOS,2.50,2.75,5.7E2,3.3E-4,3.1E-4,-3.3,Higgins2006,3M2002,3M2002,measured,"Branched isomer."
C026,PFNS,3.00,3.20,1.0E1,NA,NA,-3.3,EPI-Suite,EPI-Suite,NA,QSAR,""
C027,PFDS,3.53,3.70,2.4E0,NA,NA,-3.3,Higgins2006,EPI-Suite,NA,QSAR,""
C028,PFUnDS,3.80,3.95,5.0E-1,NA,NA,-3.3,EPI-Suite,EPI-Suite,NA,QSAR,""
C029,PFDoDS,4.10,4.25,1.0E-1,NA,NA,-3.3,EPI-Suite,EPI-Suite,NA,QSAR,""
C030,HFPO-DA,1.40,1.60,7.4E5,1.3E2,NA,-0.16,Hopkins2018,Hopkins2018,EPI-Suite,measured_and_QSAR,"GenX; very mobile."
C031,HFPO-TA,2.00,2.20,3.0E3,NA,NA,-0.5,EPI-Suite,Pan2017,NA,measured_and_QSAR,"Trimer; less mobile than dimer."
C032,HFPO-TeA,2.50,2.70,1.0E2,NA,NA,-0.5,EPI-Suite,EPI-Suite,NA,QSAR,""
C033,ADONA,1.50,NA,4.0E5,NA,NA,NA,ECHA2018,ECHA2018,NA,measured_and_QSAR,"Limited data."
C034,PFMPA,1.00,NA,5.0E5,NA,NA,-0.2,EPI-Suite,Sun2016,NA,measured_and_QSAR,"Cape Fear River detected."
C035,PFMBA,1.20,NA,3.0E5,NA,NA,-0.2,EPI-Suite,Sun2016,NA,measured_and_QSAR,""
C036,PFMOAA,0.80,NA,8.0E5,NA,NA,-0.2,EPI-Suite,Sun2016,NA,measured_and_QSAR,"Major Chemours emission."
C037,PFEEA,1.10,NA,4.0E5,NA,NA,-0.2,EPI-Suite,Sun2016,NA,measured_and_QSAR,""
C038,NafionBP2,1.50,NA,1.0E5,NA,NA,-3.3,EPI-Suite,Sun2016,NA,measured_and_QSAR,"Nafion byproduct 2."
C039,NafionBP4,1.20,NA,2.0E5,NA,NA,-3.3,EPI-Suite,Sun2016,NA,measured_and_QSAR,""
C040,PES,1.30,NA,2.0E5,NA,NA,-3.3,EPI-Suite,Sun2016,NA,measured_and_QSAR,""
C041,6:2 Cl-PFESA,3.10,3.30,3.0E1,NA,NA,-3.3,Wang2013,Wang2013,NA,measured_and_QSAR,"F-53B major; bioaccumulative."
C042,8:2 Cl-PFESA,4.00,4.20,5.0E-1,NA,NA,-3.3,Wang2013,Wang2013,NA,measured_and_QSAR,"F-53B minor."
C043,4:2 FTOH,2.50,NA,1.0E2,2.0E3,2.0E2,15.5,EPI-Suite,Lei2004,Lei2004,measured,"Volatile precursor."
C044,6:2 FTOH,3.30,NA,1.9E1,7.1E2,1.1E2,15.5,EPI-Suite,Lei2004,Lei2004,measured,"Volatile; long-range transport precursor."
C045,8:2 FTOH,4.13,NA,1.4E-1,2.3E2,4.1E2,15.5,EPI-Suite,Lei2004,Lei2004,measured,"Volatile."
C046,10:2 FTOH,4.95,NA,1.0E-2,7.0E1,NA,15.5,EPI-Suite,Lei2004,Lei2004,measured,""
C047,12:2 FTOH,5.70,NA,1.0E-3,2.0E1,NA,15.5,EPI-Suite,EPI-Suite,EPI-Suite,QSAR,""
C048,6:2 FTCA,2.50,NA,1.0E3,NA,NA,2.5,EPI-Suite,EPI-Suite,NA,QSAR,""
C049,8:2 FTCA,3.20,NA,1.0E2,NA,NA,2.5,EPI-Suite,EPI-Suite,NA,QSAR,""
C050,6:2 FTUCA,2.30,NA,1.0E3,NA,NA,2.5,EPI-Suite,EPI-Suite,NA,QSAR,""
C051,8:2 FTUCA,3.00,NA,2.0E2,NA,NA,2.5,EPI-Suite,EPI-Suite,NA,QSAR,""
C052,5:3 FTCA,2.20,NA,1.0E3,NA,NA,4.5,EPI-Suite,EPI-Suite,NA,QSAR,"Dead-end intermediate."
C053,7:3 FTCA,2.90,NA,1.0E2,NA,NA,4.5,EPI-Suite,EPI-Suite,NA,QSAR,""
C054,4:2 FTSA,1.20,NA,2.0E3,NA,NA,-3.5,EPI-Suite,EPI-Suite,NA,QSAR,""
C055,6:2 FTSA,2.00,NA,5.0E2,NA,NA,-3.5,EPI-Suite,EPI-Suite,NA,QSAR,""
C056,8:2 FTSA,3.00,NA,5.0E0,NA,NA,-3.5,EPI-Suite,EPI-Suite,NA,QSAR,""
C057,10:2 FTSA,3.80,NA,5.0E-1,NA,NA,-3.5,EPI-Suite,EPI-Suite,NA,QSAR,""
C058,6:2 FTI,3.50,NA,5.0E0,2.0E2,NA,NA,EPI-Suite,EPI-Suite,EPI-Suite,QSAR,"Volatile."
C059,8:2 FTI,4.30,NA,1.0E-1,5.0E1,NA,NA,EPI-Suite,EPI-Suite,EPI-Suite,QSAR,""
C060,6:2 FTAC,3.80,NA,5.0E-1,5.0E1,NA,NA,EPI-Suite,EPI-Suite,EPI-Suite,QSAR,""
C061,8:2 FTAC,4.60,NA,1.0E-2,1.0E1,NA,NA,EPI-Suite,EPI-Suite,EPI-Suite,QSAR,""
C062,6:2 FTMAC,3.90,NA,5.0E-1,4.0E1,NA,NA,EPI-Suite,EPI-Suite,EPI-Suite,QSAR,""
C063,8:2 FTMAC,4.70,NA,1.0E-2,8.0E0,NA,NA,EPI-Suite,EPI-Suite,EPI-Suite,QSAR,""
C064,6:2 FTAB,3.10,NA,1.0E2,NA,NA,NA,EPI-Suite,EPI-Suite,NA,QSAR,"Zwitterion at env pH."
C065,6:2 FTSAm,2.80,NA,5.0E2,NA,NA,9.5,EPI-Suite,EPI-Suite,NA,QSAR,""
C066,6:2 FTSA-amide,2.50,NA,1.0E3,NA,NA,NA,EPI-Suite,EPI-Suite,NA,QSAR,""
C067,6:2 FTSAS,3.20,NA,5.0E1,NA,NA,-3.5,EPI-Suite,EPI-Suite,NA,QSAR,""
C068,6:2 monoPAP,3.50,NA,5.0E1,NA,NA,2.0,EPI-Suite,EPI-Suite,NA,QSAR,""
C069,6:2 diPAP,4.20,NA,1.0E0,NA,NA,1.5,EPI-Suite,DEon2007,NA,measured_and_QSAR,"D'eon 2007."
C070,8:2 monoPAP,4.30,NA,5.0E0,NA,NA,2.0,EPI-Suite,EPI-Suite,NA,QSAR,""
C071,8:2 diPAP,5.10,NA,5.0E-2,NA,NA,1.5,EPI-Suite,DEon2007,NA,measured_and_QSAR,""
C072,6:2/8:2 diPAP,4.70,NA,1.0E-1,NA,NA,1.5,EPI-Suite,EPI-Suite,NA,QSAR,""
C073,C6 PFPA,2.00,NA,2.0E3,NA,NA,1.5,EPI-Suite,EPI-Suite,NA,QSAR,""
C074,C8 PFPA,2.80,NA,5.0E1,NA,NA,1.5,EPI-Suite,EPI-Suite,NA,QSAR,""
C075,C10 PFPA,3.60,NA,1.0E0,NA,NA,1.5,EPI-Suite,EPI-Suite,NA,QSAR,""
C076,C6/C6 PFPiA,3.80,NA,1.0E1,NA,NA,1.5,EPI-Suite,Wang2016,NA,measured_and_QSAR,""
C077,C6/C8 PFPiA,4.30,NA,1.0E0,NA,NA,1.5,EPI-Suite,Wang2016,NA,measured_and_QSAR,""
C078,C8/C8 PFPiA,4.80,NA,1.0E-1,NA,NA,1.5,EPI-Suite,Wang2016,NA,measured_and_QSAR,""
C079,FOSA,3.69,NA,1.9E0,1.3,5.4E1,6.5,EPI-Suite,Kaiser2005,Kaiser2005,measured_and_QSAR,"Volatile precursor."
C080,FHxSA,3.00,NA,1.5E1,3.0,NA,6.5,EPI-Suite,EPI-Suite,EPI-Suite,QSAR,""
C081,FBSA,2.30,NA,1.0E2,1.0E1,NA,6.5,EPI-Suite,EPI-Suite,EPI-Suite,QSAR,""
C082,N-MeFOSA,3.85,NA,5.0E-1,3.0E-1,NA,NA,EPI-Suite,EPI-Suite,EPI-Suite,QSAR,""
C083,N-EtFOSA,3.95,NA,4.0E-1,4.0E-1,NA,NA,EPI-Suite,EPI-Suite,EPI-Suite,QSAR,""
C084,N-MeFBSA,2.50,NA,5.0E1,3.0,NA,NA,EPI-Suite,EPI-Suite,EPI-Suite,QSAR,""
C085,N-EtFBSA,2.60,NA,4.0E1,3.0,NA,NA,EPI-Suite,EPI-Suite,EPI-Suite,QSAR,""
C086,N-MeFOSE,3.40,NA,2.0E0,1.5E-1,NA,NA,EPI-Suite,EPI-Suite,EPI-Suite,QSAR,""
C087,N-EtFOSE,3.50,NA,1.5E0,1.0E-1,NA,NA,EPI-Suite,EPI-Suite,EPI-Suite,QSAR,""
C088,N-MeFBSE,2.20,NA,2.0E2,1.0,NA,NA,EPI-Suite,EPI-Suite,EPI-Suite,QSAR,""
C089,N-EtFBSE,2.30,NA,1.5E2,1.0,NA,NA,EPI-Suite,EPI-Suite,EPI-Suite,QSAR,""
C090,FOSAA,3.50,NA,5.0E0,NA,NA,3.0,EPI-Suite,EPI-Suite,NA,QSAR,""
C091,N-MeFOSAA,3.70,NA,3.0E0,NA,NA,3.0,EPI-Suite,EPI-Suite,NA,QSAR,""
C092,N-EtFOSAA,3.80,NA,2.0E0,NA,NA,3.0,EPI-Suite,EPI-Suite,NA,QSAR,""
C093,PFOSAmS,3.90,NA,1.0E1,NA,NA,NA,EPI-Suite,EPI-Suite,NA,QSAR,"Cationic at env pH."
C094,GenX (NH4),1.40,NA,7.4E5,NA,NA,-0.16,Hopkins2018,Hopkins2018,NA,measured_and_QSAR,"Salt form."
C095,PFO2HpA,1.20,NA,5.0E5,NA,NA,-0.5,EPI-Suite,Sun2016,NA,measured_and_QSAR,""
C096,PFO2OA,1.50,NA,3.0E5,NA,NA,-0.5,EPI-Suite,Sun2016,NA,measured_and_QSAR,""
C097,PFO2DA,2.20,NA,5.0E4,NA,NA,-0.5,EPI-Suite,EPI-Suite,NA,QSAR,""
C098,PMPP,2.00,NA,1.0E5,NA,NA,-0.5,EPI-Suite,EPI-Suite,NA,QSAR,""
C099,PFO4DA,1.30,NA,5.0E5,NA,NA,-0.5,EPI-Suite,Sun2016,NA,measured_and_QSAR,""
C100,ADONA-NH4,1.50,NA,4.0E5,NA,NA,NA,ECHA2018,ECHA2018,NA,measured_and_QSAR,"Salt form."
C101,6:6 PFPiA,3.80,NA,1.0E1,NA,NA,1.5,EPI-Suite,Wang2016,NA,measured_and_QSAR,"Same as C076 alternate naming."
C102,PFEtS,0.50,NA,5.0E5,1.0E3,NA,0.14,EPI-Suite,EPI-Suite,EPI-Suite,QSAR,""
C103,TFMS,0.20,NA,1.0E6,1.5E3,NA,-14.0,EPI-Suite,EPI-Suite,EPI-Suite,QSAR,"Triflic acid; superacid."
C104,DFA,0.30,NA,1.0E6,2.0E3,NA,1.34,EPI-Suite,Kim2014,EPI-Suite,measured_and_QSAR,""
C105,ClDFA,0.50,NA,5.0E5,5.0E2,NA,0.5,EPI-Suite,EPI-Suite,EPI-Suite,QSAR,""
C106,FHpSA,3.30,NA,5.0E0,2.0,NA,6.5,EPI-Suite,EPI-Suite,EPI-Suite,QSAR,""
C107,8:2 FTAB,3.90,NA,2.0E1,NA,NA,NA,EPI-Suite,EPI-Suite,NA,QSAR,"Long-chain analogue."
C108,8:2 FTSAm,3.60,NA,5.0E1,NA,NA,9.5,EPI-Suite,EPI-Suite,NA,QSAR,""
C109,6:2 FTSA-Na,2.00,NA,5.0E2,NA,NA,-3.5,EPI-Suite,EPI-Suite,NA,QSAR,"Sodium salt of 6:2 FTSA."
C110,PFECHS,2.80,NA,5.0E1,NA,NA,-3.3,EPI-Suite,DePalma2014,NA,measured_and_QSAR,"Cyclic PFSA in hydraulic fluids."
