compound_id,name,abbreviation,cas,family,carbon_chain,functional_group,role
C001,Trifluoroacetic acid,TFA,76-05-1,PFCA,2,carboxylic_acid,terminal
C002,Perfluoropropanoic acid,PFPrA,422-64-0,PFCA,3,carboxylic_acid,terminal
C003,Perfluorobutanoic acid,PFBA,375-22-4,PFCA,4,carboxylic_acid,terminal
C004,Perfluoropentanoic acid,PFPeA,2706-90-3,PFCA,5,carboxylic_acid,terminal
C005,Perfluorohexanoic acid,PFHxA,307-24-4,PFCA,6,carboxylic_acid,terminal
C006,Perfluoroheptanoic acid,PFHpA,375-85-9,PFCA,7,carboxylic_acid,terminal
C007,Perfluorooctanoic acid (linear),n-PFOA,335-67-1,PFCA,8,carboxylic_acid,terminal
C008,Branched perfluorooctanoic acid,br-PFOA,NA,PFCA,8,carboxylic_acid,terminal
C009,Perfluorononanoic acid,PFNA,375-95-1,PFCA,9,carboxylic_acid,terminal
C010,Perfluorodecanoic acid,PFDA,335-76-2,PFCA,10,carboxylic_acid,terminal
C011,Perfluoroundecanoic acid,PFUnDA,2058-94-8,PFCA,11,carboxylic_acid,terminal
C012,Perfluorododecanoic acid,PFDoDA,307-55-1,PFCA,12,carboxylic_acid,terminal
C013,Perfluorotridecanoic acid,PFTrDA,72629-94-8,PFCA,13,carboxylic_acid,terminal
C014,Perfluorotetradecanoic acid,PFTeDA,376-06-7,PFCA,14,carboxylic_acid,terminal
C015,Perfluoropentadecanoic acid,PFPeDA,141074-63-7,PFCA,15,carboxylic_acid,terminal
C016,Perfluorohexadecanoic acid,PFHxDA,67905-19-5,PFCA,16,carboxylic_acid,terminal
C017,Perfluorooctadecanoic acid,PFODA,16517-11-6,PFCA,18,carboxylic_acid,terminal
C018,Perfluoropropanesulfonic acid,PFPrS,423-41-6,PFSA,3,sulfonic_acid,terminal
C019,Perfluorobutanesulfonic acid,PFBS,375-73-5,PFSA,4,sulfonic_acid,terminal
C020,Perfluoropentanesulfonic acid,PFPeS,2706-91-4,PFSA,5,sulfonic_acid,terminal
C021,Perfluorohexanesulfonic acid (linear),n-PFHxS,355-46-4,PFSA,6,sulfonic_acid,terminal
C022,Branched perfluorohexanesulfonic acid,br-PFHxS,NA,PFSA,6,sulfonic_acid,terminal
C023,Perfluoroheptanesulfonic acid,PFHpS,375-92-8,PFSA,7,sulfonic_acid,terminal
C024,Perfluorooctanesulfonic acid (linear),n-PFOS,1763-23-1,PFSA,8,sulfonic_acid,terminal
C025,Branched perfluorooctanesulfonic acid,br-PFOS,NA,PFSA,8,sulfonic_acid,terminal
C026,Perfluorononanesulfonic acid,PFNS,68259-12-1,PFSA,9,sulfonic_acid,terminal
C027,Perfluorodecanesulfonic acid,PFDS,335-77-3,PFSA,10,sulfonic_acid,terminal
C028,Perfluoroundecanesulfonic acid,PFUnDS,749786-16-1,PFSA,11,sulfonic_acid,terminal
C029,Perfluorododecanesulfonic acid,PFDoDS,79780-39-5,PFSA,12,sulfonic_acid,terminal
C030,Hexafluoropropylene oxide dimer acid (GenX),HFPO-DA,13252-13-6,PFEA,6,ether_carboxylate,terminal
C031,Hexafluoropropylene oxide trimer acid,HFPO-TA,13252-14-7,PFEA,9,ether_carboxylate,terminal
C032,Hexafluoropropylene oxide tetramer acid,HFPO-TeA,65294-16-8,PFEA,12,ether_carboxylate,terminal
C033,4_8-Dioxa-3H-perfluorononanoic acid (ADONA),ADONA,919005-14-4,PFEA,7,ether_carboxylate,terminal
C034,Perfluoro-3-methoxypropanoic acid,PFMPA,377-73-1,PFEA,4,ether_carboxylate,terminal
C035,Perfluoro-4-methoxybutanoic acid,PFMBA,863090-89-5,PFEA,5,ether_carboxylate,terminal
C036,Perfluoro-2-methoxyacetic acid,PFMOAA,674-13-5,PFEA,3,ether_carboxylate,terminal
C037,Perfluoro(2-ethoxyethanoic) acid,PFEEA,113507-82-7,PFEA,4,ether_carboxylate,terminal
C038,Nafion byproduct 2,NafionBP2,749836-20-2,PFESA,7,ether_sulfonate,terminal
C039,Nafion byproduct 4,NafionBP4,29311-67-9,PFESA,4,ether_sulfonate,terminal
C040,Perfluoro(2-ethoxyethane)sulfonic acid (PES),PES,113507-82-7,PFESA,4,ether_sulfonate,terminal
C041,6:2 Chlorinated polyfluoroalkyl ether sulfonate,6:2 Cl-PFESA,73606-19-6,Cl-PFESA,8,ether_sulfonate,terminal
C042,8:2 Chlorinated polyfluoroalkyl ether sulfonate,8:2 Cl-PFESA,83329-89-9,Cl-PFESA,10,ether_sulfonate,terminal
C043,4:2 Fluorotelomer alcohol,4:2 FTOH,2043-47-2,FTOH,6,alcohol,precursor
C044,6:2 Fluorotelomer alcohol,6:2 FTOH,647-42-7,FTOH,8,alcohol,precursor
C045,8:2 Fluorotelomer alcohol,8:2 FTOH,678-39-7,FTOH,10,alcohol,precursor
C046,10:2 Fluorotelomer alcohol,10:2 FTOH,865-86-1,FTOH,12,alcohol,precursor
C047,12:2 Fluorotelomer alcohol,12:2 FTOH,39239-77-5,FTOH,14,alcohol,precursor
C048,6:2 Fluorotelomer carboxylic acid,6:2 FTCA,53826-12-3,FTCA,8,carboxylic_acid,intermediate
C049,8:2 Fluorotelomer carboxylic acid,8:2 FTCA,27854-31-5,FTCA,10,carboxylic_acid,intermediate
C050,6:2 Fluorotelomer unsaturated carboxylic acid,6:2 FTUCA,70887-84-2,FTUCA,8,unsat_carboxylic_acid,intermediate
C051,8:2 Fluorotelomer unsaturated carboxylic acid,8:2 FTUCA,70887-88-6,FTUCA,10,unsat_carboxylic_acid,intermediate
C052,5:3 Fluorotelomer carboxylic acid,5:3 FTCA,914637-49-3,FTCA,8,carboxylic_acid,intermediate
C053,7:3 Fluorotelomer carboxylic acid,7:3 FTCA,812-70-4,FTCA,10,carboxylic_acid,intermediate
C054,4:2 Fluorotelomer sulfonic acid,4:2 FTSA,757124-72-4,FTSA,6,sulfonic_acid,precursor
C055,6:2 Fluorotelomer sulfonic acid,6:2 FTSA,27619-97-2,FTSA,8,sulfonic_acid,precursor
C056,8:2 Fluorotelomer sulfonic acid,8:2 FTSA,39108-34-4,FTSA,10,sulfonic_acid,precursor
C057,10:2 Fluorotelomer sulfonic acid,10:2 FTSA,120226-60-0,FTSA,12,sulfonic_acid,precursor
C058,6:2 Fluorotelomer iodide,6:2 FTI,2043-57-4,FTI,8,iodide,precursor
C059,8:2 Fluorotelomer iodide,8:2 FTI,2043-53-0,FTI,10,iodide,precursor
C060,6:2 Fluorotelomer acrylate,6:2 FTAC,17527-29-6,FTAC,11,acrylate,precursor
C061,8:2 Fluorotelomer acrylate,8:2 FTAC,27905-45-9,FTAC,13,acrylate,precursor
C062,6:2 Fluorotelomer methacrylate,6:2 FTMAC,2144-53-8,FTMAC,12,methacrylate,precursor
C063,8:2 Fluorotelomer methacrylate,8:2 FTMAC,1996-88-9,FTMAC,14,methacrylate,precursor
C064,6:2 Fluorotelomer sulfonamidoalkyl betaine (Capstone B),6:2 FTAB,34455-29-3,FT-betaine,8,betaine,precursor
C065,6:2 Fluorotelomer sulfonamidoamine,6:2 FTSAm,34455-03-3,FT-amine,8,amine,precursor
C066,6:2 Fluorotelomer sulfonamide,6:2 FTSA-amide,34455-30-6,FT-amide,8,sulfonamide,precursor
C067,6:2 Fluorotelomer mercaptoalkylamido sulfonate,6:2 FTSAS,1078715-61-3,FT-sulfonate,8,sulfonate_amide,precursor
C068,Monosubstituted 6:2 fluorotelomer phosphate (monoPAP),6:2 monoPAP,57678-01-0,PAP,8,phosphate_mono,precursor
C069,Disubstituted 6:2 fluorotelomer phosphate (diPAP),6:2 diPAP,57677-95-9,PAP,8,phosphate_di,precursor
C070,Monosubstituted 8:2 fluorotelomer phosphate,8:2 monoPAP,57678-03-2,PAP,10,phosphate_mono,precursor
C071,Disubstituted 8:2 fluorotelomer phosphate,8:2 diPAP,678-41-1,PAP,10,phosphate_di,precursor
C072,Mixed 6:2/8:2 disubstituted phosphate,6:2/8:2 diPAP,943913-15-3,PAP,18,phosphate_di,precursor
C073,Perfluorohexyl phosphonic acid,C6 PFPA,40143-76-8,PFPA,6,phosphonic_acid,terminal
C074,Perfluorooctyl phosphonic acid,C8 PFPA,40143-78-0,PFPA,8,phosphonic_acid,terminal
C075,Perfluorodecyl phosphonic acid,C10 PFPA,52299-26-0,PFPA,10,phosphonic_acid,terminal
C076,Bis(perfluorohexyl) phosphinic acid,C6/C6 PFPiA,40143-77-9,PFPiA,12,phosphinic_acid,terminal
C077,Perfluorohexyl/octyl phosphinic acid,C6/C8 PFPiA,610800-34-5,PFPiA,14,phosphinic_acid,terminal
C078,Bis(perfluorooctyl) phosphinic acid,C8/C8 PFPiA,500776-82-3,PFPiA,16,phosphinic_acid,terminal
C079,Perfluorooctane sulfonamide,FOSA,754-91-6,FOSA,8,sulfonamide,precursor
C080,Perfluorohexane sulfonamide,FHxSA,41997-13-1,FOSA,6,sulfonamide,precursor
C081,Perfluorobutane sulfonamide,FBSA,30334-69-1,FOSA,4,sulfonamide,precursor
C082,N-Methyl perfluorooctane sulfonamide,N-MeFOSA,31506-32-8,FASA,8,sulfonamide,precursor
C083,N-Ethyl perfluorooctane sulfonamide,N-EtFOSA,4151-50-2,FASA,8,sulfonamide,precursor
C084,N-Methyl perfluorobutane sulfonamide,N-MeFBSA,68298-12-4,FASA,4,sulfonamide,precursor
C085,N-Ethyl perfluorobutane sulfonamide,N-EtFBSA,40630-67-9,FASA,4,sulfonamide,precursor
C086,N-Methyl perfluorooctane sulfonamidoethanol,N-MeFOSE,24448-09-7,FASE,8,sulfonamidoethanol,precursor
C087,N-Ethyl perfluorooctane sulfonamidoethanol,N-EtFOSE,1691-99-2,FASE,8,sulfonamidoethanol,precursor
C088,N-Methyl perfluorobutane sulfonamidoethanol,N-MeFBSE,34454-97-2,FASE,4,sulfonamidoethanol,precursor
C089,N-Ethyl perfluorobutane sulfonamidoethanol,N-EtFBSE,34455-00-0,FASE,4,sulfonamidoethanol,precursor
C090,Perfluorooctane sulfonamidoacetic acid,FOSAA,2806-24-8,FOSAA,8,sulfonamidoacetate,precursor
C091,N-Methyl perfluorooctane sulfonamidoacetic acid,N-MeFOSAA,2355-31-9,FOSAA,8,sulfonamidoacetate,precursor
C092,N-Ethyl perfluorooctane sulfonamidoacetic acid,N-EtFOSAA,2991-50-6,FOSAA,8,sulfonamidoacetate,precursor
C093,Perfluorooctane sulfonamidoquaternary ammonium,PFOSAmS,38006-74-5,FASA-quat,8,quat_ammonium,precursor
C094,Ammonium perfluoro(2-methyl-3-oxahexanoate) (GenX salt),GenX (NH4),62037-80-3,PFEA,6,ether_carboxylate_salt,terminal
C095,Perfluoro-3,6-dioxaheptanoic acid,PFO2HpA,151772-58-6,PFEA,5,ether_carboxylate,terminal
C096,Perfluoro-3,6-dioxaoctanoic acid,PFO2OA,39492-90-5,PFEA,6,ether_carboxylate,terminal
C097,Perfluoro-3,6-dioxadecanoic acid,PFO2DA,39492-91-6,PFEA,8,ether_carboxylate,terminal
C098,Perfluoro(3-methoxypropoxy)propanoic acid,PMPP,NA,PFEA,7,ether_carboxylate,terminal
C099,Perfluoro-3,5,7,9-tetraoxadecanoic acid,PFO4DA,39492-88-1,PFEA,7,ether_carboxylate,terminal
C100,4,8-Dioxa-3H-perfluorononanoate (ammonium ADONA),ADONA-NH4,958445-44-8,PFEA,7,ether_carboxylate_salt,terminal
C101,6:6 PFPiA,6:6 PFPiA,40143-77-9,PFPiA,12,phosphinic_acid,terminal
C102,Pentafluoroethane sulfonic acid,PFEtS,354-88-1,PFSA,2,sulfonic_acid,terminal
C103,Trifluoromethane sulfonic acid,TFMS,1493-13-6,PFSA,1,sulfonic_acid,terminal
C104,Difluoroacetic acid,DFA,381-73-7,short-PFCA,2,carboxylic_acid,terminal
C105,Chlorodifluoroacetic acid,ClDFA,76-04-0,Cl-PFCA,2,carboxylic_acid,terminal
C106,Perfluoroheptanesulfonamide,FHpSA,82382-12-5,FOSA,7,sulfonamide,precursor
C107,8:2 Fluorotelomer sulfonamidoalkyl betaine,8:2 FTAB,NA,FT-betaine,10,betaine,precursor
C108,8:2 Fluorotelomer sulfonamidoamine,8:2 FTSAm,NA,FT-amine,10,amine,precursor
C109,Sodium 1H,1H,2H,2H-perfluorooctane sulfonate (alt name 6:2 FTSA-Na),6:2 FTSA-Na,27619-97-2,FTSA-salt,8,sulfonate_salt,precursor
C110,Perfluoroethylcyclohexane sulfonate,PFECHS,646-83-3,cyclic-PFSA,8,sulfonic_acid,terminal
