study_id,citation_short,matrix,pH,temperature_C,salinity_psu,organic_carbon_pct,redox,duration_d,notes
S001,3M 2003 / OECD 2002 PFOA hydrolysis,water,7,25,NA,NA,aerobic,>33580,"OECD 111; pH 4 5 7 9 tested; no measurable hydrolysis."
S002,Liu & Mejia-Avendano 2013 review,soil_sediment,5.5-7.5,15-25,NA,0.5-5,aerobic_anaerobic,>365,"Review of multiple soil/sediment studies; no PFOA loss."
S003,3M 2003 / OECD 2002 PFOS hydrolysis,water,7,25,NA,NA,aerobic,>14965,"PFOS hydrolytically and photolytically stable."
S004,UNEP POPRC PFCA reports 2017-2022,water,6.5-8,15-25,0-35,NA,aerobic,>365,"Persistent in seawater and freshwater."
S005,UNEP POPRC PFHxS 2022 / EFSA 2020,water,7,15-25,NA,NA,aerobic,>365,"Stockholm Convention listing dossier."
S006,Hopkins et al. 2018 / EPA GenX assessment,water,6-8,20-25,NA,NA,aerobic,>365,"UV photolysis at 254 nm but negligible at solar wavelengths."
S007,ECHA 2018 ADONA dossier,water,7,20-25,NA,NA,aerobic,NA,"Limited public data."
S008,Wang et al. 2013 F-53B; Ruan 2015,water_sediment,6.5-8,15-25,NA,1-3,aerobic,180,"Chinese chrome-mist suppressant alternative."
S009,Wang et al. 2009 (FTOH soil); Liu 2010,soil,5-7,20-25,NA,1-3,aerobic,90-180,"Aerobic soil with native microbial community."
S010,Wang et al. 2005 (FTOH activated sludge),sludge,7-7.5,21,NA,NA,aerobic,28,"Activated sludge mixed culture."
S011,Mejia-Avendano & Liu 2015 (FTSA soil),soil,5-7,22,NA,1-2,aerobic,180,"6:2 and 8:2 FTSA biotransformation."
S012,Lange 2002 / Avendano & Liu 2015 (FOSA),water_sediment,7,22,NA,1-3,aerobic_anaerobic,365,"PreFOS biotransformation; sulfonamide hydrolysis."
S013,Rhoads et al. 2008; Lange 2000 (EtFOSE),sludge,7-7.5,21,NA,NA,aerobic,90,"Activated sludge."
S014,DEon & Mabury 2010 (FTAB analogues); Liu 2017,sludge_soil,6.5-7.5,22,NA,1-3,aerobic,180,"Capstone-class fluorotelomer betaine."
S015,Allred et al. 2015 anaerobic landfill,landfill_leachate,6-8,25-35,NA,5-20,anaerobic,365,"Anaerobic landfill bioreactor."
S016,Higgins & Luthy 2006 (sediment Kd),sediment,7-8,22,NA,0.5-15,aerobic,NA,"Source for logKoc/logKd."
S017,Kwadijk et al. 2010 (sediment partitioning),sediment_water,7-8,15-22,0-35,1-10,aerobic,NA,"Partitioning data for PFCAs/PFSAs."
S018,Pan et al. 2017 (HFPO oligomer acids),water,7,25,NA,NA,aerobic,180,"HFPO trimer and tetramer environmental occurrence."
S019,Sun et al. 2016 (Cape Fear PFEAs),water,6.5-8,15-25,NA,NA,aerobic,365,"Chemours Fayetteville discharge; multiple PFEA byproducts."
S020,Ellis et al. 2004 / Wallington 2006 (FTOH atmosphere),air,NA,-30 to 25,NA,NA,aerobic,2-50,"Atmospheric OH-radical oxidation kinetics."
S021,Hamid et al. 2020 (FTI biotransformation),sludge,7,22,NA,NA,aerobic,28,"6:2 and 8:2 FTI activated sludge."
S022,Royer et al. 2015 (FTAC/FTMAC hydrolysis),soil_water,5-8,22,NA,1-3,aerobic,180,"Fluorotelomer acrylate/methacrylate ester hydrolysis."
S023,DEon & Mabury 2007/2010 (PAPs),rat_soil,7,22-37,NA,NA,aerobic,30-180,"In-vivo PAP biotransformation in rats and soil."
S024,Lee & Mabury 2017 (PFPA/PFPiA),microbial_culture,7,25,NA,NA,aerobic,90,"P-C bond cleavage in PFPiAs."
S025,De Silva et al. 2011 (PFECHS),water_biota,7-8,15-25,0-15,NA,aerobic,NA,"Great Lakes PFECHS occurrence."
S026,Eschauzier et al. 2010 (drinking water),drinking_water,7-8,15-22,NA,NA,aerobic,NA,"Bank filtration PFAS removal."
S027,Vierke et al. 2013 (PFCA isomers),water,7,22,NA,NA,aerobic,NA,"Branched vs linear isomer behavior."
S028,Yeung et al. 2013 (PFOS branched isomers),water_biota,7,15-22,NA,NA,aerobic,NA,"Isomer-specific bioaccumulation."
S029,Zhang et al. 2013 (PFCA sorption pH-dependence),soil,3-9,22,NA,1-5,aerobic,NA,"pH effect on PFCA Koc."
S030,Higgins & Field 2017 (PFAS sorption review),sediment_soil,5-8,15-25,0-35,0.5-15,aerobic,NA,"Review of Koc/Kd literature."
S031,Wang et al. 2016 (PFPiA environmental),water_biota,7,15-22,NA,NA,aerobic,NA,"PFPiA occurrence in WWTP and biota."
S032,DePalma et al. 2014 (PFECHS),sediment_water,7-8,15-22,0-5,1-5,aerobic,NA,"Cyclic PFSA distribution."
S033,Kim et al. 2014 (TFA/DFA monitoring),precipitation,5-7,5-25,NA,NA,aerobic,NA,"Short-chain PFCA in precipitation."
S034,DEon 2007 (PAP physical properties),water,7,25,NA,NA,aerobic,NA,"diPAP solubility and partitioning."
S035,Eun et al. 2020 (TFA persistence),soil_water,5-8,15-25,NA,1-5,aerobic_anaerobic,365,"TFA persistence in soil microcosms."
S036,Ahrens et al. 2010 (sorption coastal),sediment_seawater,7-8,15-22,30-35,1-10,aerobic,NA,"Coastal sediment partitioning."
S037,Janda et al. 2019 (groundwater partitioning),groundwater,6-8,10-15,NA,NA,aerobic,NA,"PFAS aquifer transport parameters."
S038,Bossi et al. 2008 (Greenland air),air,NA,-20 to 5,NA,NA,aerobic,NA,"PFOS precursor atmospheric occurrence."
S039,Young et al. 2007 (Arctic photochemistry),air_snow,NA,-30 to 0,NA,NA,aerobic,NA,"Atmospheric PFAA formation in Arctic."
S040,Plumlee et al. 2008 (PFAS sorption),soil_water,5-8,22,NA,1-5,aerobic,NA,"Sorption coefficients."
S041,EPA 2024 PFAS drinking water rule,drinking_water,7-8,5-25,NA,NA,aerobic,NA,"Regulatory MCL dataset reference."
S042,Wang et al. 2014 OECD persistence review,multimedia,5-8,15-25,NA,NA,aerobic_anaerobic,>365,"Review of persistence assessments."
S043,Buck et al. 2011 PFAS nomenclature,reference,NA,NA,NA,NA,NA,NA,"Authoritative PFAS terminology."
S044,OECD 2018 PFAS comprehensive list,reference,NA,NA,NA,NA,NA,NA,"Provides identifiers for >4700 PFAS."
S045,EFSA 2008 / 2020 PFAS opinions,water_food,7,20-25,NA,NA,aerobic,NA,"European exposure assessments."
S046,ITRC 2022 PFAS technical doc,multimedia,5-8,15-25,NA,NA,aerobic,NA,"State-of-knowledge synthesis."
S047,Cousins et al. 2020 (planetary boundary PFAS),global,NA,NA,NA,NA,NA,NA,"Conceptual framing of PFAS persistence."
S048,Scheringer et al. 2014 (long-range PFCA),atmosphere,NA,-30 to 25,NA,NA,aerobic,NA,"Volatile precursor long-range transport."
S049,3M 2002 PFBS technical profile,water_soil,7,20-25,NA,NA,aerobic,NA,"Industrial alternative profile."
S050,Brusseau 2018 (PFAS transport),soil_groundwater,5-8,10-20,NA,1-5,aerobic,NA,"Air-water interface sorption."
S051,Saito et al. 2022 (PFEA Asia),water_sediment,7,15-25,NA,1-5,aerobic,NA,"Asian PFEA monitoring."
S052,Pan et al. 2018 (HFPO-TA bioaccumulation),biota_water,7,15-25,NA,NA,aerobic,NA,"HFPO-TA in fish; replaces HFPO-DA in some products."
