record_id,compound_id,abbreviation,matrix,biodeg_t_half_d,hydrolysis_t_half_d,photolysis_t_half_d,persistence_label,study_id,notes
P001,C001,TFA,water,>3650,>3650,>365,vP,S004,"Ultrashort PFCA; effectively non-degradable in environment."
P002,C001,TFA,soil,>3650,NA,NA,vP,S004,"Highly mobile; not retained or degraded."
P003,C002,PFPrA,water,>3650,>3650,>365,vP,S004,"Persistent ultrashort PFCA."
P004,C003,PFBA,water,>3650,>3650,>365,vP,S004,"Highly mobile but persistent."
P005,C003,PFBA,soil,>3650,NA,NA,vP,S004,"No biodegradation in long-term soil studies."
P006,C004,PFPeA,water,>3650,>3650,>365,vP,S004,"Persistent short-chain PFCA."
P007,C005,PFHxA,water,>3650,>3650,>365,vP,S004,"EU restriction proposal 2023."
P008,C005,PFHxA,soil,>3650,NA,NA,vP,S002,"Persistent in soil."
P009,C005,PFHxA,sediment,>3650,NA,NA,vP,S002,"No measurable transformation."
P010,C006,PFHpA,water,>3650,>3650,>365,vP,S004,"Persistent."
P011,C007,n-PFOA,water,>14965,>33580,>256,vP,S001,"3M/OECD 2002: hydrolysis t½ >92 yr at 25°C pH 7; photostable."
P012,C007,n-PFOA,soil,>3650,NA,NA,vP,S002,"No mineralization over multi-year studies."
P013,C007,n-PFOA,sediment,>3650,NA,NA,vP,S002,"Aerobic and anaerobic recalcitrant."
P014,C007,n-PFOA,seawater,>14965,>33580,>365,vP,S017,"Persistent in marine systems."
P015,C008,br-PFOA,water,>14965,>33580,>256,vP,S001,"Branched isomer; same persistence."
P016,C009,PFNA,water,>3650,>3650,>365,vP,S004,"Persistent long-chain PFCA."
P017,C009,PFNA,soil,>3650,NA,NA,vP,S002,"Persistent."
P018,C010,PFDA,water,>3650,>3650,>365,vP,S004,"Long-chain PFCA; bioaccumulative."
P019,C010,PFDA,sediment,>3650,NA,NA,vP,S017,"Strong sorption; no degradation."
P020,C011,PFUnDA,water,>3650,>3650,>365,vP,S004,"Persistent."
P021,C012,PFDoDA,water,>3650,>3650,>365,vP,S004,"Persistent."
P022,C013,PFTrDA,water,>3650,>3650,>365,vP,S004,"Persistent."
P023,C014,PFTeDA,water,>3650,>3650,>365,vP,S004,"Persistent very long chain."
P024,C015,PFPeDA,water,>3650,NA,NA,vP,S004,"Limited measured data; structural analogue inference."
P025,C016,PFHxDA,water,>3650,NA,NA,vP,S004,"Limited measured data."
P026,C017,PFODA,water,>3650,NA,NA,vP,S004,"Limited measured data; extreme hydrophobicity."
P027,C018,PFPrS,water,>3650,>3650,>365,vP,S005,"Ultrashort PFSA."
P028,C019,PFBS,water,>3650,>3650,>365,vP,S005,"Highly mobile; persistent."
P029,C020,PFPeS,water,>3650,>3650,>365,vP,S005,"Persistent."
P030,C021,n-PFHxS,water,>14965,>14965,>365,vP,S005,"Stockholm POP 2022."
P031,C022,br-PFHxS,water,>14965,>14965,>365,vP,S005,"Branched isomer; same persistence."
P032,C023,PFHpS,water,>3650,>3650,>365,vP,S005,"Persistent."
P033,C024,n-PFOS,water,>14965,>14965,>365,vP,S003,"OECD 2002: hydrolysis t½ >41 yr; photostable."
P034,C024,n-PFOS,soil,>3650,NA,NA,vP,S003,"No biodegradation."
P035,C024,n-PFOS,sediment,>3650,NA,NA,vP,S003,"Recalcitrant in marine and freshwater sediment."
P036,C024,n-PFOS,seawater,>14965,>14965,>365,vP,S017,"Persistent in marine systems."
P037,C025,br-PFOS,water,>14965,>14965,>365,vP,S003,"Branched isomers persistent; may bioaccumulate differently."
P038,C026,PFNS,water,>3650,>3650,>365,vP,S005,"Persistent."
P039,C027,PFDS,water,>3650,>3650,>365,vP,S005,"Persistent long-chain PFSA."
P040,C028,PFUnDS,water,>3650,>3650,>365,vP,S005,"Persistent."
P041,C029,PFDoDS,water,>3650,>3650,>365,vP,S005,"Persistent."
P042,C030,HFPO-DA,water,>3650,>3650,30-90,P,S006,"GenX; indirect photolysis reported under UV; biodegradation not observed."
P043,C030,HFPO-DA,soil,>3650,NA,NA,P,S006,"Limited transformation; very mobile."
P044,C031,HFPO-TA,water,>3650,>3650,NA,vP,S018,"Hexafluoropropylene oxide trimer; recalcitrant."
P045,C032,HFPO-TeA,water,>3650,>3650,NA,vP,S018,"Tetramer; recalcitrant."
P046,C033,ADONA,water,>3650,>3650,NA,P,S007,"Limited data."
P047,C034,PFMPA,water,>3650,>3650,NA,vP,S019,"Cape Fear River detected PFEA."
P048,C035,PFMBA,water,>3650,>3650,NA,vP,S019,"Cape Fear River detected PFEA."
P049,C036,PFMOAA,water,>3650,>3650,NA,vP,S019,"Major Chemours emission downstream."
P050,C037,PFEEA,water,>3650,>3650,NA,vP,S019,"Recalcitrant PFEA."
P051,C038,NafionBP2,water,>3650,>3650,NA,vP,S019,"Nafion byproduct 2; recalcitrant."
P052,C039,NafionBP4,water,>3650,>3650,NA,vP,S019,"Recalcitrant."
P053,C041,6:2 Cl-PFESA,water,>3650,>3650,NA,vP,S008,"F-53B major; recalcitrant."
P054,C041,6:2 Cl-PFESA,sediment,>3650,NA,NA,vP,S008,"No measurable transformation."
P055,C042,8:2 Cl-PFESA,water,>3650,>3650,NA,vP,S008,"F-53B minor; recalcitrant."
P056,C043,4:2 FTOH,soil_aerobic,7-28,NA,NA,not-P_self,S009,"Biodegrades to PFBA/PFPrA; terminal products vP."
P057,C044,6:2 FTOH,soil_aerobic,7-28,NA,NA,not-P_self,S009,"Biodegrades to PFHxA/PFPeA/PFBA in aerobic soil."
P058,C044,6:2 FTOH,sludge_aerobic,1-2,NA,NA,not-P_self,S010,"Activated sludge t½ ~28 h."
P059,C044,6:2 FTOH,sediment_anaerobic,90-365,NA,NA,not-P_self,S015,"Anaerobic sediment slower."
P060,C044,6:2 FTOH,air,2-20,NA,2-20,not-P_self,S020,"Atmospheric OH-radical oxidation t½ days–weeks; yields PFCAs."
P061,C045,8:2 FTOH,soil_aerobic,14-90,NA,NA,not-P_self,S009,"Biodegrades to PFOA/PFNA."
P062,C045,8:2 FTOH,sludge_aerobic,1-7,NA,NA,not-P_self,S010,"Activated sludge rapid."
P063,C045,8:2 FTOH,sediment_anaerobic,180-1095,NA,NA,not-P_self,S015,"Slow under anaerobic conditions."
P064,C045,8:2 FTOH,air,10-50,NA,10-50,not-P_self,S020,"Atmospheric OH oxidation; major source of long-range PFCAs."
P065,C046,10:2 FTOH,soil_aerobic,30-180,NA,NA,not-P_self,S009,"Slower than shorter telomer alcohols."
P066,C047,12:2 FTOH,soil_aerobic,90-365,NA,NA,not-P_self,S009,"Slow biotransformation."
P067,C048,6:2 FTCA,soil_aerobic,3-15,NA,NA,not-P_self,S009,"Rapid intermediate."
P068,C049,8:2 FTCA,soil_aerobic,5-25,NA,NA,not-P_self,S009,"Intermediate to PFOA."
P069,C050,6:2 FTUCA,soil_aerobic,5-30,NA,NA,not-P_self,S009,"Unsaturated intermediate."
P070,C051,8:2 FTUCA,soil_aerobic,7-30,NA,NA,not-P_self,S009,"Unsaturated intermediate."
P071,C052,5:3 FTCA,soil_aerobic,90-365,NA,NA,not-P_self,S009,"Dead-end intermediate observed in soil; slow."
P072,C053,7:3 FTCA,soil_aerobic,90-365,NA,NA,not-P_self,S009,"Slow."
P073,C054,4:2 FTSA,soil_aerobic,60-300,NA,NA,not-P_self,S011,"Slow."
P074,C055,6:2 FTSA,soil_aerobic,30-180,NA,NA,not-P_self,S011,"Slower than FTOH; transforms to short-chain PFCAs."
P075,C056,8:2 FTSA,soil_aerobic,90-365,NA,NA,not-P_self,S011,"Slow biotransformation."
P076,C057,10:2 FTSA,soil_aerobic,180-730,NA,NA,not-P_self,S011,"Very slow."
P077,C058,6:2 FTI,sludge_aerobic,1-7,NA,NA,not-P_self,S021,"Fast; transforms to 6:2 FTOH and downstream PFCAs."
P078,C059,8:2 FTI,sludge_aerobic,1-7,NA,NA,not-P_self,S021,"Fast."
P079,C060,6:2 FTAC,soil_aerobic,30-180,NA,NA,not-P_self,S022,"Acrylate ester hydrolysis releases FTOH."
P080,C061,8:2 FTAC,soil_aerobic,30-180,NA,NA,not-P_self,S022,"Acrylate ester hydrolysis."
P081,C062,6:2 FTMAC,soil_aerobic,30-180,NA,NA,not-P_self,S022,"Methacrylate analogue."
P082,C063,8:2 FTMAC,soil_aerobic,30-180,NA,NA,not-P_self,S022,"Methacrylate analogue."
P083,C064,6:2 FTAB,sludge_aerobic,90-365,NA,NA,not-P_self,S014,"Capstone betaine; slow transformation."
P084,C065,6:2 FTSAm,sludge_aerobic,30-180,NA,NA,not-P_self,S014,"Slow."
P085,C066,6:2 FTSA-amide,sludge_aerobic,30-180,NA,NA,not-P_self,S014,"Slow."
P086,C067,6:2 FTSAS,sludge_aerobic,30-180,NA,NA,not-P_self,S014,"Slow."
P087,C068,6:2 monoPAP,soil_aerobic,30-180,NA,NA,not-P_self,S023,"Phosphate ester hydrolysis releases FTOH; D'eon & Mabury 2010."
P088,C069,6:2 diPAP,soil_aerobic,90-365,NA,NA,not-P_self,S023,"Slower hydrolysis than monoPAP."
P089,C070,8:2 monoPAP,soil_aerobic,30-180,NA,NA,not-P_self,S023,"Similar to 6:2 analogue."
P090,C071,8:2 diPAP,soil_aerobic,90-365,NA,NA,not-P_self,S023,"Slower; PFOA precursor."
P091,C072,6:2/8:2 diPAP,soil_aerobic,90-365,NA,NA,not-P_self,S023,"Mixed-chain diPAP."
P092,C073,C6 PFPA,water,>3650,>3650,NA,vP,S024,"Phosphonic acid; persistent."
P093,C074,C8 PFPA,water,>3650,>3650,NA,vP,S024,"Persistent."
P094,C075,C10 PFPA,water,>3650,>3650,NA,vP,S024,"Persistent."
P095,C076,C6/C6 PFPiA,water,>3650,>3650,NA,vP,S024,"Phosphinic acid; persistent."
P096,C077,C6/C8 PFPiA,water,>3650,>3650,NA,vP,S024,"Persistent."
P097,C078,C8/C8 PFPiA,water,>3650,>3650,NA,vP,S024,"Persistent."
P098,C079,FOSA,water,365-1825,NA,NA,not-P_self,S012,"Slow biotransformation to PFOS over months–years."
P099,C079,FOSA,sediment,365-1825,NA,NA,not-P_self,S012,"Slow."
P100,C080,FHxSA,water,180-730,NA,NA,not-P_self,S012,"Transforms to PFHxS."
P101,C081,FBSA,water,90-365,NA,NA,not-P_self,S012,"Transforms to PFBS; faster than long-chain."
P102,C082,N-MeFOSA,sludge_aerobic,30-90,NA,NA,not-P_self,S013,"Transforms to FOSA then PFOS."
P103,C083,N-EtFOSA,sludge_aerobic,30-90,NA,NA,not-P_self,S013,"Transforms to FOSA then PFOS."
P104,C084,N-MeFBSA,sludge_aerobic,30-90,NA,NA,not-P_self,S013,"Short-chain analogue; PFBS precursor."
P105,C085,N-EtFBSA,sludge_aerobic,30-90,NA,NA,not-P_self,S013,"PFBS precursor."
P106,C086,N-MeFOSE,sludge_aerobic,7-44,NA,NA,not-P_self,S013,"Rapid first step."
P107,C087,N-EtFOSE,sludge_aerobic,7-44,NA,NA,not-P_self,S013,"Rapid first step."
P108,C088,N-MeFBSE,sludge_aerobic,7-44,NA,NA,not-P_self,S013,"Short-chain analogue."
P109,C089,N-EtFBSE,sludge_aerobic,7-44,NA,NA,not-P_self,S013,"Short-chain analogue."
P110,C090,FOSAA,sludge_aerobic,30-180,NA,NA,not-P_self,S013,"Sulfonamidoacetate; transforms to FOSA."
P111,C091,N-MeFOSAA,sludge_aerobic,30-180,NA,NA,not-P_self,S013,"Methyl analogue."
P112,C092,N-EtFOSAA,sludge_aerobic,30-180,NA,NA,not-P_self,S013,"Ethyl analogue."
P113,C093,PFOSAmS,sludge_aerobic,90-365,NA,NA,not-P_self,S013,"Quaternary ammonium; AFFF component."
P114,C094,GenX (NH4),water,>3650,>3650,30-90,P,S006,"Same as HFPO-DA acid; salt form."
P115,C102,PFEtS,water,>3650,>3650,>365,vP,S005,"Ultrashort PFSA; persistent."
P116,C103,TFMS,water,>3650,>3650,>365,vP,S005,"Triflic acid; extremely persistent."
P117,C104,DFA,water,>3650,>3650,>365,vP,S004,"Difluoroacetic acid; persistent."
P118,C105,ClDFA,water,>3650,>3650,NA,vP,S004,"Chlorinated short-chain analogue."
P119,C110,PFECHS,water,>3650,>3650,NA,vP,S025,"Cyclic PFSA used in hydraulic fluids."
P120,C083,N-EtFOSA,soil_aerobic,90-365,NA,NA,not-P_self,S013,"Soil transformation slower than sludge."
P121,C087,N-EtFOSE,soil_aerobic,30-180,NA,NA,not-P_self,S013,"Soil incubation."
P122,C055,6:2 FTSA,sludge_aerobic,7-44,NA,NA,not-P_self,S011,"Faster in activated sludge than soil."
P123,C079,FOSA,sludge_aerobic,90-365,NA,NA,not-P_self,S012,"Sludge faster than soil."
P124,C044,6:2 FTOH,landfill_anaerobic,>365,NA,NA,not-P_self,S015,"Allred et al. anaerobic landfill; limited transformation."
P125,C045,8:2 FTOH,landfill_anaerobic,>365,NA,NA,not-P_self,S015,"Allred et al."
P126,C064,6:2 FTAB,soil_aerobic,180-365,NA,NA,not-P_self,S014,"Soil slower than sludge."
P127,C067,6:2 FTSAS,sediment_anaerobic,>365,NA,NA,not-P_self,S015,"Anaerobic sediment recalcitrant intermediate."
P128,C107,8:2 FTAB,sludge_aerobic,180-365,NA,NA,not-P_self,S014,"Long-chain analogue."
P129,C108,8:2 FTSAm,sludge_aerobic,90-365,NA,NA,not-P_self,S014,"Long-chain analogue."
