task,design,cohort,seed,model,record_id,compound_id,study_id,endpoint,observed,predicted,transport_key,test_chemical_seen_in_bio_train
final_similarity70_3,similarity70_cluster_3,primary216,42,full_multitask,BIO_5697,CMP_6a78ec62602000d01409,10.1021/acs.est.6b01197,BAF,3.4600000000000004,4.239883986103355,b7fc5888f044c9dd,False
final_similarity70_3,similarity70_cluster_3,primary216,42,full_multitask,BIO_5698,CMP_6a78ec62602000d01409,10.1021/acs.est.6b01197,BAF,3.18,3.241044645746534,b7fc5888f044c9dd,False
final_similarity70_3,similarity70_cluster_3,primary216,42,full_multitask,BIO_5699,CMP_6a78ec62602000d01409,10.1021/acs.est.6b01197,BAF,3.45,4.09379390853779,b7fc5888f044c9dd,False
final_similarity70_3,similarity70_cluster_3,primary216,42,full_multitask,BIO_6642,CMP_6a78ec62602000d01409,10.1021/acs.est.7b02399,BAF,4.471144965160633,3.6583910675823392,b7fc5888f044c9dd,False
final_similarity70_3,similarity70_cluster_3,primary216,42,full_multitask,BIO_6643,CMP_6a78ec62602000d01409,10.1021/acs.est.7b02399,BAF,4.121887985103681,3.694771433200908,b7fc5888f044c9dd,False
final_similarity70_3,similarity70_cluster_3,primary216,42,full_multitask,BIO_6644,CMP_6a78ec62602000d01409,10.1021/acs.est.7b02399,BAF,4.685741738602264,3.6704137335330795,b7fc5888f044c9dd,False
final_similarity70_3,similarity70_cluster_3,primary216,42,full_multitask,BIO_6645,CMP_6a78ec62602000d01409,10.1021/acs.est.7b02399,BAF,4.318063334962762,3.6878979528392914,b7fc5888f044c9dd,False
final_similarity70_3,similarity70_cluster_3,primary216,42,full_multitask,BIO_6646,CMP_6a78ec62602000d01409,10.1021/acs.est.7b02399,BAF,5.035029282202368,3.667325102197531,b7fc5888f044c9dd,False
final_similarity70_3,similarity70_cluster_3,primary216,42,full_multitask,BIO_6647,CMP_6a78ec62602000d01409,10.1021/acs.est.7b02399,BAF,5.179551791165188,3.655634758805575,b7fc5888f044c9dd,False
final_similarity70_3,similarity70_cluster_3,primary216,42,structure_context,BIO_5697,CMP_6a78ec62602000d01409,10.1021/acs.est.6b01197,BAF,3.4600000000000004,3.9587732213646762,b7fc5888f044c9dd,False
final_similarity70_3,similarity70_cluster_3,primary216,42,structure_context,BIO_5698,CMP_6a78ec62602000d01409,10.1021/acs.est.6b01197,BAF,3.18,2.8206605892280012,b7fc5888f044c9dd,False
final_similarity70_3,similarity70_cluster_3,primary216,42,structure_context,BIO_5699,CMP_6a78ec62602000d01409,10.1021/acs.est.6b01197,BAF,3.45,3.9587732213646762,b7fc5888f044c9dd,False
final_similarity70_3,similarity70_cluster_3,primary216,42,structure_context,BIO_6642,CMP_6a78ec62602000d01409,10.1021/acs.est.7b02399,BAF,4.471144965160633,3.4044536739009597,b7fc5888f044c9dd,False
final_similarity70_3,similarity70_cluster_3,primary216,42,structure_context,BIO_6643,CMP_6a78ec62602000d01409,10.1021/acs.est.7b02399,BAF,4.121887985103681,3.4044536739009597,b7fc5888f044c9dd,False
final_similarity70_3,similarity70_cluster_3,primary216,42,structure_context,BIO_6644,CMP_6a78ec62602000d01409,10.1021/acs.est.7b02399,BAF,4.685741738602264,3.4044536739009597,b7fc5888f044c9dd,False
final_similarity70_3,similarity70_cluster_3,primary216,42,structure_context,BIO_6645,CMP_6a78ec62602000d01409,10.1021/acs.est.7b02399,BAF,4.318063334962762,3.4044536739009597,b7fc5888f044c9dd,False
final_similarity70_3,similarity70_cluster_3,primary216,42,structure_context,BIO_6646,CMP_6a78ec62602000d01409,10.1021/acs.est.7b02399,BAF,5.035029282202368,3.4044536739009597,b7fc5888f044c9dd,False
final_similarity70_3,similarity70_cluster_3,primary216,42,structure_context,BIO_6647,CMP_6a78ec62602000d01409,10.1021/acs.est.7b02399,BAF,5.179551791165188,3.4044536739009597,b7fc5888f044c9dd,False
final_similarity70_3,similarity70_cluster_3,primary216,42,transport_context,BIO_5697,CMP_6a78ec62602000d01409,10.1021/acs.est.6b01197,BAF,3.4600000000000004,5.563571903616239,b7fc5888f044c9dd,False
final_similarity70_3,similarity70_cluster_3,primary216,42,transport_context,BIO_5698,CMP_6a78ec62602000d01409,10.1021/acs.est.6b01197,BAF,3.18,5.369178259665336,b7fc5888f044c9dd,False
final_similarity70_3,similarity70_cluster_3,primary216,42,transport_context,BIO_5699,CMP_6a78ec62602000d01409,10.1021/acs.est.6b01197,BAF,3.45,5.549432176997747,b7fc5888f044c9dd,False
final_similarity70_3,similarity70_cluster_3,primary216,42,transport_context,BIO_6642,CMP_6a78ec62602000d01409,10.1021/acs.est.7b02399,BAF,4.471144965160633,4.996571413634991,b7fc5888f044c9dd,False
final_similarity70_3,similarity70_cluster_3,primary216,42,transport_context,BIO_6643,CMP_6a78ec62602000d01409,10.1021/acs.est.7b02399,BAF,4.121887985103681,5.020051372616486,b7fc5888f044c9dd,False
final_similarity70_3,similarity70_cluster_3,primary216,42,transport_context,BIO_6644,CMP_6a78ec62602000d01409,10.1021/acs.est.7b02399,BAF,4.685741738602264,5.308533599790351,b7fc5888f044c9dd,False
final_similarity70_3,similarity70_cluster_3,primary216,42,transport_context,BIO_6645,CMP_6a78ec62602000d01409,10.1021/acs.est.7b02399,BAF,4.318063334962762,5.146045854875874,b7fc5888f044c9dd,False
final_similarity70_3,similarity70_cluster_3,primary216,42,transport_context,BIO_6646,CMP_6a78ec62602000d01409,10.1021/acs.est.7b02399,BAF,5.035029282202368,5.055567352206717,b7fc5888f044c9dd,False
final_similarity70_3,similarity70_cluster_3,primary216,42,transport_context,BIO_6647,CMP_6a78ec62602000d01409,10.1021/acs.est.7b02399,BAF,5.179551791165188,5.337722096105676,b7fc5888f044c9dd,False
final_similarity70_3,similarity70_cluster_3,primary216,42,full_single_task,BIO_5697,CMP_6a78ec62602000d01409,10.1021/acs.est.6b01197,BAF,3.4600000000000004,4.383656142769355,b7fc5888f044c9dd,False
final_similarity70_3,similarity70_cluster_3,primary216,42,full_single_task,BIO_5698,CMP_6a78ec62602000d01409,10.1021/acs.est.6b01197,BAF,3.18,3.526449439619969,b7fc5888f044c9dd,False
final_similarity70_3,similarity70_cluster_3,primary216,42,full_single_task,BIO_5699,CMP_6a78ec62602000d01409,10.1021/acs.est.6b01197,BAF,3.45,4.347062835971133,b7fc5888f044c9dd,False
final_similarity70_3,similarity70_cluster_3,primary216,42,full_single_task,BIO_6642,CMP_6a78ec62602000d01409,10.1021/acs.est.7b02399,BAF,4.471144965160633,3.793593161959435,b7fc5888f044c9dd,False
final_similarity70_3,similarity70_cluster_3,primary216,42,full_single_task,BIO_6643,CMP_6a78ec62602000d01409,10.1021/acs.est.7b02399,BAF,4.121887985103681,3.8626340419857192,b7fc5888f044c9dd,False
final_similarity70_3,similarity70_cluster_3,primary216,42,full_single_task,BIO_6644,CMP_6a78ec62602000d01409,10.1021/acs.est.7b02399,BAF,4.685741738602264,3.925371137465447,b7fc5888f044c9dd,False
final_similarity70_3,similarity70_cluster_3,primary216,42,full_single_task,BIO_6645,CMP_6a78ec62602000d01409,10.1021/acs.est.7b02399,BAF,4.318063334962762,3.9047834268718704,b7fc5888f044c9dd,False
final_similarity70_3,similarity70_cluster_3,primary216,42,full_single_task,BIO_6646,CMP_6a78ec62602000d01409,10.1021/acs.est.7b02399,BAF,5.035029282202368,3.8452610986303757,b7fc5888f044c9dd,False
final_similarity70_3,similarity70_cluster_3,primary216,42,full_single_task,BIO_6647,CMP_6a78ec62602000d01409,10.1021/acs.est.7b02399,BAF,5.179551791165188,3.8867155009388874,b7fc5888f044c9dd,False
final_similarity70_3,similarity70_cluster_3,primary216,42,shuffled_auxiliary_labels,BIO_5697,CMP_6a78ec62602000d01409,10.1021/acs.est.6b01197,BAF,3.4600000000000004,3.904940440596509,d381dab90d6eedbb,False
final_similarity70_3,similarity70_cluster_3,primary216,42,shuffled_auxiliary_labels,BIO_5698,CMP_6a78ec62602000d01409,10.1021/acs.est.6b01197,BAF,3.18,2.4319296919485383,d381dab90d6eedbb,False
final_similarity70_3,similarity70_cluster_3,primary216,42,shuffled_auxiliary_labels,BIO_5699,CMP_6a78ec62602000d01409,10.1021/acs.est.6b01197,BAF,3.45,3.907766764834555,d381dab90d6eedbb,False
final_similarity70_3,similarity70_cluster_3,primary216,42,shuffled_auxiliary_labels,BIO_6642,CMP_6a78ec62602000d01409,10.1021/acs.est.7b02399,BAF,4.471144965160633,3.3511583409225483,d381dab90d6eedbb,False
final_similarity70_3,similarity70_cluster_3,primary216,42,shuffled_auxiliary_labels,BIO_6643,CMP_6a78ec62602000d01409,10.1021/acs.est.7b02399,BAF,4.121887985103681,3.2799362419040823,d381dab90d6eedbb,False
final_similarity70_3,similarity70_cluster_3,primary216,42,shuffled_auxiliary_labels,BIO_6644,CMP_6a78ec62602000d01409,10.1021/acs.est.7b02399,BAF,4.685741738602264,3.3299772164869235,d381dab90d6eedbb,False
final_similarity70_3,similarity70_cluster_3,primary216,42,shuffled_auxiliary_labels,BIO_6645,CMP_6a78ec62602000d01409,10.1021/acs.est.7b02399,BAF,4.318063334962762,3.2616804919697415,d381dab90d6eedbb,False
final_similarity70_3,similarity70_cluster_3,primary216,42,shuffled_auxiliary_labels,BIO_6646,CMP_6a78ec62602000d01409,10.1021/acs.est.7b02399,BAF,5.035029282202368,3.318960443832946,d381dab90d6eedbb,False
final_similarity70_3,similarity70_cluster_3,primary216,42,shuffled_auxiliary_labels,BIO_6647,CMP_6a78ec62602000d01409,10.1021/acs.est.7b02399,BAF,5.179551791165188,3.2938549991092136,d381dab90d6eedbb,False
final_similarity70_3,similarity70_cluster_3,primary216,42,simple_graph_context,BIO_5697,CMP_6a78ec62602000d01409,10.1021/acs.est.6b01197,BAF,3.4600000000000004,3.867872953414917,,False
final_similarity70_3,similarity70_cluster_3,primary216,42,simple_graph_context,BIO_5698,CMP_6a78ec62602000d01409,10.1021/acs.est.6b01197,BAF,3.18,3.3550796508789062,,False
final_similarity70_3,similarity70_cluster_3,primary216,42,simple_graph_context,BIO_5699,CMP_6a78ec62602000d01409,10.1021/acs.est.6b01197,BAF,3.45,3.867872953414917,,False
final_similarity70_3,similarity70_cluster_3,primary216,42,simple_graph_context,BIO_6642,CMP_6a78ec62602000d01409,10.1021/acs.est.7b02399,BAF,4.471144965160633,3.5308704376220703,,False
final_similarity70_3,similarity70_cluster_3,primary216,42,simple_graph_context,BIO_6643,CMP_6a78ec62602000d01409,10.1021/acs.est.7b02399,BAF,4.121887985103681,3.5308704376220703,,False
final_similarity70_3,similarity70_cluster_3,primary216,42,simple_graph_context,BIO_6644,CMP_6a78ec62602000d01409,10.1021/acs.est.7b02399,BAF,4.685741738602264,3.5308704376220703,,False
final_similarity70_3,similarity70_cluster_3,primary216,42,simple_graph_context,BIO_6645,CMP_6a78ec62602000d01409,10.1021/acs.est.7b02399,BAF,4.318063334962762,3.5308704376220703,,False
final_similarity70_3,similarity70_cluster_3,primary216,42,simple_graph_context,BIO_6646,CMP_6a78ec62602000d01409,10.1021/acs.est.7b02399,BAF,5.035029282202368,3.5308704376220703,,False
final_similarity70_3,similarity70_cluster_3,primary216,42,simple_graph_context,BIO_6647,CMP_6a78ec62602000d01409,10.1021/acs.est.7b02399,BAF,5.179551791165188,3.5308704376220703,,False
final_similarity70_3,similarity70_cluster_3,primary216,42,extra_trees_structure_context,BIO_5697,CMP_6a78ec62602000d01409,10.1021/acs.est.6b01197,BAF,3.4600000000000004,3.9673499197769013,,False
final_similarity70_3,similarity70_cluster_3,primary216,42,extra_trees_structure_context,BIO_5698,CMP_6a78ec62602000d01409,10.1021/acs.est.6b01197,BAF,3.18,3.2997802171355817,,False
final_similarity70_3,similarity70_cluster_3,primary216,42,extra_trees_structure_context,BIO_5699,CMP_6a78ec62602000d01409,10.1021/acs.est.6b01197,BAF,3.45,3.9673499197769013,,False
final_similarity70_3,similarity70_cluster_3,primary216,42,extra_trees_structure_context,BIO_6642,CMP_6a78ec62602000d01409,10.1021/acs.est.7b02399,BAF,4.471144965160633,3.2045912131079732,,False
final_similarity70_3,similarity70_cluster_3,primary216,42,extra_trees_structure_context,BIO_6643,CMP_6a78ec62602000d01409,10.1021/acs.est.7b02399,BAF,4.121887985103681,3.2045912131079732,,False
final_similarity70_3,similarity70_cluster_3,primary216,42,extra_trees_structure_context,BIO_6644,CMP_6a78ec62602000d01409,10.1021/acs.est.7b02399,BAF,4.685741738602264,3.2045912131079732,,False
final_similarity70_3,similarity70_cluster_3,primary216,42,extra_trees_structure_context,BIO_6645,CMP_6a78ec62602000d01409,10.1021/acs.est.7b02399,BAF,4.318063334962762,3.2045912131079732,,False
final_similarity70_3,similarity70_cluster_3,primary216,42,extra_trees_structure_context,BIO_6646,CMP_6a78ec62602000d01409,10.1021/acs.est.7b02399,BAF,5.035029282202368,3.2045912131079732,,False
final_similarity70_3,similarity70_cluster_3,primary216,42,extra_trees_structure_context,BIO_6647,CMP_6a78ec62602000d01409,10.1021/acs.est.7b02399,BAF,5.179551791165188,3.2045912131079732,,False
final_similarity70_3,similarity70_cluster_3,primary216,42,hist_gradient_structure_context,BIO_5697,CMP_6a78ec62602000d01409,10.1021/acs.est.6b01197,BAF,3.4600000000000004,3.9696493522470884,,False
final_similarity70_3,similarity70_cluster_3,primary216,42,hist_gradient_structure_context,BIO_5698,CMP_6a78ec62602000d01409,10.1021/acs.est.6b01197,BAF,3.18,3.1408232586798146,,False
final_similarity70_3,similarity70_cluster_3,primary216,42,hist_gradient_structure_context,BIO_5699,CMP_6a78ec62602000d01409,10.1021/acs.est.6b01197,BAF,3.45,3.9696493522470884,,False
final_similarity70_3,similarity70_cluster_3,primary216,42,hist_gradient_structure_context,BIO_6642,CMP_6a78ec62602000d01409,10.1021/acs.est.7b02399,BAF,4.471144965160633,3.2222403137587157,,False
final_similarity70_3,similarity70_cluster_3,primary216,42,hist_gradient_structure_context,BIO_6643,CMP_6a78ec62602000d01409,10.1021/acs.est.7b02399,BAF,4.121887985103681,3.2222403137587157,,False
final_similarity70_3,similarity70_cluster_3,primary216,42,hist_gradient_structure_context,BIO_6644,CMP_6a78ec62602000d01409,10.1021/acs.est.7b02399,BAF,4.685741738602264,3.2222403137587157,,False
final_similarity70_3,similarity70_cluster_3,primary216,42,hist_gradient_structure_context,BIO_6645,CMP_6a78ec62602000d01409,10.1021/acs.est.7b02399,BAF,4.318063334962762,3.2222403137587157,,False
final_similarity70_3,similarity70_cluster_3,primary216,42,hist_gradient_structure_context,BIO_6646,CMP_6a78ec62602000d01409,10.1021/acs.est.7b02399,BAF,5.035029282202368,3.2222403137587157,,False
final_similarity70_3,similarity70_cluster_3,primary216,42,hist_gradient_structure_context,BIO_6647,CMP_6a78ec62602000d01409,10.1021/acs.est.7b02399,BAF,5.179551791165188,3.2222403137587157,,False
final_similarity70_3,similarity70_cluster_3,primary216,42,nearest_chemical_context,BIO_5697,CMP_6a78ec62602000d01409,10.1021/acs.est.6b01197,BAF,3.4600000000000004,4.32,,False
final_similarity70_3,similarity70_cluster_3,primary216,42,nearest_chemical_context,BIO_5698,CMP_6a78ec62602000d01409,10.1021/acs.est.6b01197,BAF,3.18,2.4700000000000006,,False
final_similarity70_3,similarity70_cluster_3,primary216,42,nearest_chemical_context,BIO_5699,CMP_6a78ec62602000d01409,10.1021/acs.est.6b01197,BAF,3.45,4.32,,False
final_similarity70_3,similarity70_cluster_3,primary216,42,nearest_chemical_context,BIO_6642,CMP_6a78ec62602000d01409,10.1021/acs.est.7b02399,BAF,4.471144965160633,1.0,,False
final_similarity70_3,similarity70_cluster_3,primary216,42,nearest_chemical_context,BIO_6643,CMP_6a78ec62602000d01409,10.1021/acs.est.7b02399,BAF,4.121887985103681,1.0,,False
final_similarity70_3,similarity70_cluster_3,primary216,42,nearest_chemical_context,BIO_6644,CMP_6a78ec62602000d01409,10.1021/acs.est.7b02399,BAF,4.685741738602264,1.0,,False
final_similarity70_3,similarity70_cluster_3,primary216,42,nearest_chemical_context,BIO_6645,CMP_6a78ec62602000d01409,10.1021/acs.est.7b02399,BAF,4.318063334962762,1.0,,False
final_similarity70_3,similarity70_cluster_3,primary216,42,nearest_chemical_context,BIO_6646,CMP_6a78ec62602000d01409,10.1021/acs.est.7b02399,BAF,5.035029282202368,1.0,,False
final_similarity70_3,similarity70_cluster_3,primary216,42,nearest_chemical_context,BIO_6647,CMP_6a78ec62602000d01409,10.1021/acs.est.7b02399,BAF,5.179551791165188,1.0,,False
