record_id,endpoint_type,tissue,exposure_group,log10_value_L_kg,source_log10,locator
BIO_5705,BCF,liver,low,2.15,2.15,Table S9 row 50 column 7; liver-low; pfba; logBCFss
BIO_5706,BCF,liver,high,1.8,1.8,Table S9 row 72 column 7; liver-high; pfba; logBCFss
BIO_5707,BCF,muscle,low,0.44,0.44,Table S9 row 94 column 7; muscle-low; pfba; logBCFss
BIO_5708,BCF,muscle,high,1.05,1.05,Table S9 row 116 column 7; muscle-high; pfba; logBCFss
BIO_5709,BCF,ovary,low,1.06,1.06,Table S9 row 138 column 7; ovary-low; pfba; logBCFss
BIO_5710,BCF,ovary,high,1.3,1.3,Table S9 row 160 column 7; ovary-high; pfba; logBCFss
BIO_5723,BCF,liver,low,1.24,1.24,Table S9 row 47 column 7; liver-low; pfbs; logBCFss
BIO_5724,BCF,liver,high,1.27,1.27,Table S9 row 69 column 7; liver-high; pfbs; logBCFss
BIO_5725,BCF,muscle,high,0.66,0.66,Table S9 row 113 column 7; muscle-high; pfbs; logBCFss
BIO_5726,BCF,ovary,low,1.72,1.72,Table S9 row 135 column 7; ovary-low; pfbs; logBCFss
BIO_5727,BCF,ovary,high,1.82,1.82,Table S9 row 157 column 7; ovary-high; pfbs; logBCFss
BIO_5771,BCF,liver,low,4.04,4.04,Table S9 row 54 column 7; liver-low; pfda; logBCFss
BIO_5772,BCF,liver,high,4.36,4.36,Table S9 row 76 column 7; liver-high; pfda; logBCFss
BIO_5773,BCF,muscle,low,3.41,3.41,Table S9 row 98 column 7; muscle-low; pfda; logBCFss
BIO_5774,BCF,muscle,high,3.79,3.79,Table S9 row 120 column 7; muscle-high; pfda; logBCFss
BIO_5775,BCF,ovary,low,4.0,4.0,Table S9 row 142 column 7; ovary-low; pfda; logBCFss
BIO_5776,BCF,ovary,high,3.99,3.99,Table S9 row 164 column 7; ovary-high; pfda; logBCFss
BIO_5862,BCF,liver,low,4.95,4.95,Table S9 row 56 column 7; liver-low; pfdoda; logBCFss
BIO_5863,BCF,liver,high,4.66,4.66,Table S9 row 78 column 7; liver-high; pfdoda; logBCFss
BIO_5864,BCF,muscle,low,3.77,3.77,Table S9 row 100 column 7; muscle-low; pfdoda; logBCFss
BIO_5865,BCF,muscle,high,3.66,3.66,Table S9 row 122 column 7; muscle-high; pfdoda; logBCFss
BIO_5866,BCF,ovary,low,4.33,4.33,Table S9 row 144 column 7; ovary-low; pfdoda; logBCFss
BIO_5867,BCF,ovary,high,3.65,3.65,Table S9 row 166 column 7; ovary-high; pfdoda; logBCFss
BIO_5944,BCF,liver,low,1.73,1.73,Table S9 row 51 column 7; liver-low; pfhxa; logBCFss
BIO_5945,BCF,liver,high,1.7,1.7,Table S9 row 73 column 7; liver-high; pfhxa; logBCFss
BIO_5946,BCF,muscle,low,0.75,0.75,Table S9 row 95 column 7; muscle-low; pfhxa; logBCFss
BIO_5947,BCF,muscle,high,0.67,0.67,Table S9 row 117 column 7; muscle-high; pfhxa; logBCFss
BIO_5948,BCF,ovary,low,1.02,1.02,Table S9 row 139 column 7; ovary-low; pfhxa; logBCFss
BIO_5949,BCF,ovary,high,1.06,1.06,Table S9 row 161 column 7; ovary-high; pfhxa; logBCFss
BIO_5995,BCF,liver,low,2.56,2.56,Table S9 row 48 column 7; liver-low; pfhxs; logBCFss
BIO_5996,BCF,liver,high,2.39,2.39,Table S9 row 70 column 7; liver-high; pfhxs; logBCFss
BIO_5997,BCF,muscle,low,1.69,1.69,Table S9 row 92 column 7; muscle-low; pfhxs; logBCFss
BIO_5998,BCF,muscle,high,1.56,1.56,Table S9 row 114 column 7; muscle-high; pfhxs; logBCFss
BIO_5999,BCF,ovary,low,2.74,2.74,Table S9 row 136 column 7; ovary-low; pfhxs; logBCFss
BIO_6000,BCF,ovary,high,2.58,2.58,Table S9 row 158 column 7; ovary-high; pfhxs; logBCFss
BIO_6077,BCF,liver,low,3.18,3.18,Table S9 row 53 column 7; liver-low; pfna; logBCFss
BIO_6078,BCF,liver,high,3.45,3.45,Table S9 row 75 column 7; liver-high; pfna; logBCFss
BIO_6079,BCF,muscle,low,2.64,2.64,Table S9 row 97 column 7; muscle-low; pfna; logBCFss
BIO_6080,BCF,muscle,high,2.85,2.85,Table S9 row 119 column 7; muscle-high; pfna; logBCFss
BIO_6081,BCF,ovary,low,3.33,3.33,Table S9 row 141 column 7; ovary-low; pfna; logBCFss
BIO_6082,BCF,ovary,high,3.37,3.37,Table S9 row 163 column 7; ovary-high; pfna; logBCFss
BIO_6177,BCF,liver,low,2.39,2.39,Table S9 row 52 column 7; liver-low; pfoa; logBCFss
BIO_6178,BCF,liver,high,2.43,2.43,Table S9 row 74 column 7; liver-high; pfoa; logBCFss
BIO_6179,BCF,muscle,low,1.52,1.52,Table S9 row 96 column 7; muscle-low; pfoa; logBCFss
BIO_6181,BCF,ovary,low,2.24,2.24,Table S9 row 140 column 7; ovary-low; pfoa; logBCFss
BIO_6182,BCF,ovary,high,2.02,2.02,Table S9 row 162 column 7; ovary-high; pfoa; logBCFss
BIO_6285,BCF,liver,low,3.64,3.64,Table S9 row 49 column 7; liver-low; pfos; logBCFss
BIO_6286,BCF,liver,high,3.55,3.55,Table S9 row 71 column 7; liver-high; pfos; logBCFss
BIO_6287,BCF,muscle,low,2.86,2.86,Table S9 row 93 column 7; muscle-low; pfos; logBCFss
BIO_6288,BCF,muscle,high,2.73,2.73,Table S9 row 115 column 7; muscle-high; pfos; logBCFss
BIO_6289,BCF,ovary,low,3.82,3.82,Table S9 row 137 column 7; ovary-low; pfos; logBCFss
BIO_6290,BCF,ovary,high,3.51,3.51,Table S9 row 159 column 7; ovary-high; pfos; logBCFss
BIO_6460,BCF,liver,low,5.56,5.56,Table S9 row 58 column 7; liver-low; pfteda; logBCFss
BIO_6461,BCF,liver,high,4.74,4.74,Table S9 row 80 column 7; liver-high; pfteda; logBCFss
BIO_6462,BCF,muscle,low,5.22,5.22,Table S9 row 102 column 7; muscle-low; pfteda; logBCFss
BIO_6463,BCF,muscle,high,4.52,4.52,Table S9 row 124 column 7; muscle-high; pfteda; logBCFss
BIO_6464,BCF,ovary,low,5.5,5.5,Table S9 row 146 column 7; ovary-low; pfteda; logBCFss
BIO_6465,BCF,ovary,high,4.34,4.34,Table S9 row 168 column 7; ovary-high; pfteda; logBCFss
BIO_6472,BCF,liver,low,5.02,5.02,Table S9 row 57 column 7; liver-low; pftrda; logBCFss
BIO_6473,BCF,liver,high,4.45,4.45,Table S9 row 79 column 7; liver-high; pftrda; logBCFss
BIO_6474,BCF,muscle,low,4.28,4.28,Table S9 row 101 column 7; muscle-low; pftrda; logBCFss
BIO_6475,BCF,muscle,high,3.91,3.91,Table S9 row 123 column 7; muscle-high; pftrda; logBCFss
BIO_6476,BCF,ovary,low,4.84,4.84,Table S9 row 145 column 7; ovary-low; pftrda; logBCFss
BIO_6477,BCF,ovary,high,3.91,3.91,Table S9 row 167 column 7; ovary-high; pftrda; logBCFss
BIO_6495,BCF,liver,low,4.14,4.14,Table S9 row 55 column 7; liver-low; pfunda; logBCFss
BIO_6497,BCF,muscle,low,3.64,3.64,Table S9 row 99 column 7; muscle-low; pfunda; logBCFss
BIO_6498,BCF,muscle,high,3.63,3.63,Table S9 row 121 column 7; muscle-high; pfunda; logBCFss
BIO_6499,BCF,ovary,low,4.31,4.31,Table S9 row 143 column 7; ovary-low; pfunda; logBCFss
BIO_6500,BCF,ovary,high,3.81,3.81,Table S9 row 165 column 7; ovary-high; pfunda; logBCFss
