task,train,test,excluded_overlap
final_primary216_chemical_42_0,180,36,0
final_primary216_chemical_42_1,167,49,0
final_primary216_chemical_42_2,140,76,0
final_primary216_chemical_42_3,197,19,0
final_primary216_chemical_42_4,180,36,0
final_primary216_chemical_43_0,172,44,0
final_primary216_chemical_43_1,199,17,0
final_primary216_chemical_43_2,158,58,0
final_primary216_chemical_43_3,147,69,0
final_primary216_chemical_43_4,188,28,0
final_primary216_chemical_44_0,156,60,0
final_primary216_chemical_44_1,157,59,0
final_primary216_chemical_44_2,184,32,0
final_primary216_chemical_44_3,176,40,0
final_primary216_chemical_44_4,191,25,0
final_primary216_study_95b90c88,147,69,0
final_primary216_study_c6c948e0,176,40,0
final_primary216_study_e8fb8612,189,27,0
final_primary216_study_06bc92a9,180,36,0
final_primary216_study_7b661dcc,174,42,0
final_primary216_study_a48b9203,214,2,0
final_similarity70_0,103,113,0
final_similarity70_1,213,3,0
final_similarity70_2,154,62,0
final_similarity70_3,207,9,0
final_similarity70_4,213,3,0
final_similarity70_5,193,23,0
final_similarity70_6,213,3,0
