tier,citation,doi,original_table_status,records,compounds
database_traced_primary_not_verified,Ahrens 2015,10.1016/j.chemosphere.2014.03.136,unverified_primary_table,36,6
database_traced_primary_not_verified,Ahrens 2016,10.1016/j.chemosphere.2016.09.007,unverified_primary_table,18,4
database_traced_primary_not_verified,Awad 2011,10.1021/es2001985,unverified_primary_table,16,8
database_traced_primary_not_verified,Becker 2010,10.1007/s00128-009-9896-0,unverified_primary_table,3,2
database_traced_primary_not_verified,Casal 2017,10.1021/acs.est.6b05821,unverified_primary_table,10,6
database_traced_primary_not_verified,Chen 2016,10.1016/j.scitotenv.2016.05.215,unverified_primary_table,24,12
database_traced_primary_not_verified,Dai 2013,10.1016/j.chemosphere.2012.08.026,unverified_primary_table,6,6
database_traced_primary_not_verified,Dai 2019,10.1155/2019/2612853,unverified_primary_table,18,2
database_traced_primary_not_verified,Furdui 2007,10.1021/es0620484,unverified_primary_table,25,6
database_traced_primary_not_verified,Houde 2008,10.1021/es800906r,unverified_primary_table,7,1
database_traced_primary_not_verified,Hung 2020,10.1016/j.marpolbul.2020.111236,unverified_primary_table,7,4
database_traced_primary_not_verified,Iwabuchi et al 2015,10.2131/fts.2.201,unverified_primary_table,5,5
database_traced_primary_not_verified,Jeon 2010,10.1021/es100151r,unverified_primary_table,8,4
database_traced_primary_not_verified,Kannan 2005,10.1007/s00244-004-0133-x,unverified_primary_table,1,1
database_traced_primary_not_verified,Khairy 2019,10.1002/etc.4354,unverified_primary_table,100,10
database_traced_primary_not_verified,Kobayashi 2018,10.1007/s00128-018-2282-z,unverified_primary_table,35,7
database_traced_primary_not_verified,Kwadijk 2010,10.1021/es100485e,unverified_primary_table,14,6
database_traced_primary_not_verified,Kwadijk 2014,10.1002/etc.2602,unverified_primary_table,8,2
database_traced_primary_not_verified,Labadie 2011,10.1016/j.envpol.2010.10.039,unverified_primary_table,7,7
database_traced_primary_not_verified,Lam 2014,10.1016/j.scitotenv.2014.01.045,unverified_primary_table,5,2
database_traced_primary_not_verified,Langberg 2020,10.1021/acs.est.0c04587,table_located_aggregation_not_resolved,4,1
database_traced_primary_not_verified,Lee 2020,10.1016/j.jhazmat.2019.120909,unverified_primary_table,4,4
database_traced_primary_not_verified,Liu 2019,10.1016/j.ecoenv.2019.109454,unverified_primary_table,40,8
database_traced_primary_not_verified,Lorenzo 2019,10.1016/j.scitotenv.2018.07.304,unverified_primary_table,3,3
database_traced_primary_not_verified,Martin 2003a,10.1002/etc.5620220126,unverified_primary_table,21,7
database_traced_primary_not_verified,Moody 2002,10.1021/es011001+,unverified_primary_table,1,1
database_traced_primary_not_verified,Morikawa 2006,10.1016/j.ecoenv.2005.03.007,unverified_primary_table,13,2
database_traced_primary_not_verified,Munoz 2019,10.1016/j.chemosphere.2019.05.281,unverified_primary_table,33,9
database_traced_primary_not_verified,Murakami 2011,10.1007/s00244-011-9660-4,unverified_primary_table,18,5
database_traced_primary_not_verified,Naile 2013,10.1016/j.chemosphere.2012.07.033,unverified_primary_table,58,8
database_traced_primary_not_verified,Pan 2014,10.1016/j.ecoenv.2014.05.031,unverified_primary_table,6,4
database_traced_primary_not_verified,Quinete 2009,10.1016/j.chemosphere.2009.07.079,unverified_primary_table,8,2
database_traced_primary_not_verified,Shi 2020,10.1016/j.envint.2019.105418,unverified_primary_table,27,2
database_traced_primary_not_verified,Sinclair 2006,10.1007/s00244-005-1188-z,unverified_primary_table,1,1
database_traced_primary_not_verified,Taniyasu 2003,10.1021/es0303440,unverified_primary_table,1,1
database_traced_primary_not_verified,Terechovs 2019,10.1016/j.scitotenv.2018.08.431,unverified_primary_table,4,2
database_traced_primary_not_verified,Thompson 2011,10.1016/j.marpolbul.2011.09.002,unverified_primary_table,3,1
database_traced_primary_not_verified,Wang 2013,10.1016/j.envpol.2013.04.020,unverified_primary_table,24,5
database_traced_primary_not_verified,Wang 2016,10.1021/acs.est.6b01980,table_located_value_not_resolved,3,3
database_traced_primary_not_verified,Yoo 2009,10.1007/s00244-008-9282-7,unverified_primary_table,6,3
database_traced_primary_not_verified,Zhang 2018,10.1007/s00128-018-2381-x,unverified_primary_table,15,9
database_traced_primary_not_verified,Zhou 2012,10.1007/s00128-012-0745-1,unverified_primary_table,48,6
database_traced_primary_not_verified,de Solla 2012,10.1016/j.envint.2011.09.011,unverified_primary_table,2,1
primary_included,Chen 2016,10.1016/j.scitotenv.2016.05.215,verified_tissue_BCF_summary,69,12
primary_included,Gebbink 2016,10.1021/acs.est.6b01197,verified_summary,27,10
primary_included,Munoz 2017,10.1021/acs.est.7b02399,verified_summary,42,7
primary_included,Pan 2017,10.1021/acs.est.7b02259,verified_summary,36,14
primary_included,Shi 2015,10.1021/acs.est.5b04299,verified_summary,40,2
primary_included,Song 2020,10.1021/acs.est.9b04906,verified_summary,2,2
primary_located_not_eligible,Chen 2016,10.1016/j.scitotenv.2016.05.215,verified_plasma_unit_mismatch,24,12
primary_located_not_eligible,Gebbink 2016,10.1021/acs.est.6b01197,verified_isomer_sum,6,2
primary_located_not_eligible,Loi 2011,10.1021/es200432n,verified_summary_with_LOQ_substitution,7,7
primary_located_not_eligible,Munoz 2017,10.1021/acs.est.7b02399,verified_summary,42,7
primary_located_not_eligible,Pan 2019,10.3390/ijerph16101692,verified_value_basis_conflict,13,13
primary_located_not_eligible,Pan 2021,10.1016/j.jhazmat.2020.123618,source_summary_verified_censoring_sensitivity,68,5
primary_located_not_eligible,Shi 2015,10.1021/acs.est.5b04299,verified_summary,4,2
primary_located_not_eligible,Song 2020,10.1021/acs.est.9b04906,verified_alternative_analytical_estimate,2,2
