ID,Name,InChI,InChIKey,SMILES,Solubility,Prediction,in_pool,in_strict_PFAS
A-22,5-methoxy-1-[4-(trifluoromethyl)phenyl]pentan-1-one,"InChI=1S/C13H15F3O2/c1-18-9-3-2-4-12(17)10-5-7-11(8-6-10)13(14,15)16/h5-8H,2-4,9H2,1H3",VYKSRLDHXQURKA-UHFFFAOYSA-N,COCCCCC(=O)c1ccc(cc1)C(F)(F)F,-3.5440597008,-3.97,True,True
A-26,1-chloro-3-(trifluoromethyl)benzene,"InChI=1S/C7H4ClF3/c8-6-3-1-2-5(4-6)7(9,10)11/h1-4H",YTCGOUNVIAWCMG-UHFFFAOYSA-N,FC(F)(F)c1cccc(Cl)c1,-3.4115138849,-2.67,True,True
A-50,"carboxymethyldimethyl-3-[[(3,3,4,4,5,5,6,6,7,7,8,8,8-tridecafluorooctyl)sulphonyl]amino]propylammonium hydroxide","InChI=1S/C15H19F13N2O4S/c1-30(2,8-9(31)32)6-3-5-29-35(33,34)7-4-10(16,17)11(18,19)12(20,21)13(22,23)14(24,25)15(26,27)28/h29H,3-8H2,1-2H3",OKOCIUJVPQKDLL-UHFFFAOYSA-N,C[N+](C)(CCCN[S](=O)(=O)CCC(F)(F)C(F)(F)C(F)(F)C(F)(F)C(F)(F)C(F)(F)F)CC([O-])=O,-4.0571851475,-4.4,True,True
A-140,"2,3,3,3-tetrafluoroprop-1-ene","InChI=1S/C3H2F4/c1-2(4)3(5,6)7/h1H2",FXRLMCRCYDHQFW-UHFFFAOYSA-N,FC(=C)C(F)(F)F,-2.7599573667,-2.33,True,True
A-257,"2,2,2-trifluoroethyl methacrylate","InChI=1S/C6H7F3O2/c1-4(2)5(10)11-3-6(7,8)9/h1,3H2,2H3",QTKPMCIBUROOGY-UHFFFAOYSA-N,CC(=C)C(=O)OCC(F)(F)F,-2.2684756839,-1.82,True,True
A-276,1-(2-benzenesulfonamidophenyl)-3-phenylurea,"InChI=1S/C19H17N3O3S/c23-19(20-15-9-3-1-4-10-15)21-17-13-7-8-14-18(17)22-26(24,25)16-11-5-2-6-12-16/h1-14,22H,(H2,20,21,23)",BGLZECVIKIGPIF-UHFFFAOYSA-N,O=C(Nc1ccccc1)Nc2ccccc2N[S](=O)(=O)c3ccccc3,-4.5784028785,-4.43,True,True
A-281,2-{[3-(trifluoromethyl)phenyl]amino}benzoic acid,"InChI=1S/C14H10F3NO2/c15-14(16,17)9-4-3-5-10(8-9)18-12-7-2-1-6-11(12)13(19)20/h1-8,18H,(H,19,20)",LPEPZBJOKDYZAD-UHFFFAOYSA-N,OC(=O)c1ccccc1Nc2cccc(c2)C(F)(F)F,-4.4905023964,-4.55,True,True
A-350,"4-[(1-amino-4-hydroxy-9,10-dioxo-9,10-dihydroanthracen-2-yl)oxy]-N-(3-ethoxypropyl)benzene-1-sulfonamide","InChI=1S/C25H24N2O7S/c1-2-33-13-5-12-27-35(31,32)16-10-8-15(9-11-16)34-20-14-19(28)21-22(23(20)26)25(30)18-7-4-3-6-17(18)24(21)29/h3-4,6-11,14,27-28H,2,5,12-13,26H2,1H3",ALXCWDABTQQKAH-UHFFFAOYSA-N,CCOCCCN[S](=O)(=O)c1ccc(Oc2cc(O)c3C(=O)c4ccccc4C(=O)c3c2N)cc1,-4.7874700957,-4.88,True,True
A-369,"1,1,1-trifluoroethane","InChI=1S/C2H3F3/c1-2(3,4)5/h1H3",UJPMYEOUBPIPHQ-UHFFFAOYSA-N,CC(F)(F)F,-2.043101387,-0.52,True,True
A-397,"1,1,2,2,3,3,4-heptafluorocyclopentane","InChI=1S/C5H3F7/c6-2-1-3(7,8)5(11,12)4(2,9)10/h2H,1H2",IDBYQQQHBYGLEQ-UHFFFAOYSA-N,FC1CC(F)(F)C(F)(F)C1(F)F,-2.436880918,-2.29,True,True
A-458,1-chloro-2-nitro-4-(trifluoromethyl)benzene,"InChI=1S/C7H3ClF3NO2/c8-5-2-1-4(7(9,10)11)3-6(5)12(13)14/h1-3H",TZGFQIXRVUHDLE-UHFFFAOYSA-N,[O-][N+](=O)c1cc(ccc1Cl)C(F)(F)F,-2.5337046723,-4.46,True,True
A-497,1-[3-(trifluoromethyl)phenyl]ethan-1-one,"InChI=1S/C9H7F3O/c1-6(13)7-3-2-4-8(5-7)9(10,11)12/h2-5H,1H3",ABXGMGUHGLQMAW-UHFFFAOYSA-N,CC(=O)c1cccc(c1)C(F)(F)F,-2.4821079167,-2.28,True,True
A-578,"2,6-dichloro-4-(trifluoromethyl)aniline","InChI=1S/C7H4Cl2F3N/c8-4-1-3(7(10,11)12)2-5(9)6(4)13/h1-2H,13H2",ITNMAZSPBLRJLU-UHFFFAOYSA-N,Nc1c(Cl)cc(cc1Cl)C(F)(F)F,-3.591642752,-3.14,True,True
A-602,"(2-methyl-1-oxo-1-prop-2-enoxypropan-2-yl) 2-chloro-5-[3-methyl-2,6-dioxo-4-(trifluoromethyl)pyrimidin-1-yl]benzoate","InChI=1S/C20H18ClF3N2O6/c1-5-8-31-17(29)19(2,3)32-16(28)12-9-11(6-7-13(12)21)26-15(27)10-14(20(22,23)24)25(4)18(26)30/h5-7,9-10H,1,8H2,2-4H3",JEDYYFXHPAIBGR-UHFFFAOYSA-N,CN1C(=O)N(C(=O)C=C1C(F)(F)F)c2ccc(Cl)c(c2)C(=O)OC(C)(C)C(=O)OCC=C,-4.676528089,-6.04,True,True
A-614,"4-amino-2,5-dimethoxy-N-methylbenzenesulfonamide","InChI=1S/C9H14N2O4S/c1-11-16(12,13)9-5-7(14-2)6(10)4-8(9)15-3/h4-5,11H,10H2,1-3H3",CISVVDNATRQDNU-UHFFFAOYSA-N,CN[S](=O)(=O)c1cc(OC)c(N)cc1OC,-3.6510805625,-1.77,True,True
A-639,hexafluoroethane,"InChI=1S/C2F6/c3-1(4,5)2(6,7)8",WMIYKQLTONQJES-UHFFFAOYSA-N,FC(F)(F)C(F)(F)F,-2.4239072122,-2.55,True,True
A-743,"1,1,1,2,2-pentafluoroethane","InChI=1S/C2HF5/c3-1(4)2(5,6)7/h1H",GTLACDSXYULKMZ-UHFFFAOYSA-N,FC(F)C(F)(F)F,-1.4164957907,-1.17,True,True
A-766,3-(trifluoromethyl)aniline,"InChI=1S/C7H6F3N/c8-7(9,10)5-2-1-3-6(11)4-5/h1-4H,11H2",VIUDTWATMPPKEL-UHFFFAOYSA-N,Nc1cccc(c1)C(F)(F)F,-1.5590008472,-1.42,True,True
A-833,"ethyl 4,4,4-trifluoro-3-oxobutanoate","InChI=1S/C6H7F3O3/c1-2-12-5(11)3-4(10)6(7,8)9/h2-3H2,1H3",OCJKUQIPRNZDTK-UHFFFAOYSA-N,CCOC(=O)CC(=O)C(F)(F)F,-1.6630244633,-2.09,True,True
A-910,"1,1,1,2,2-pentafluoroethane","InChI=1S/C2HF5/c3-1(4)2(5,6)7/h1H",GTLACDSXYULKMZ-UHFFFAOYSA-N,FC(F)C(F)(F)F,-1.4893040211,-1.17,True,True
A-929,trifluoroacetamide,"InChI=1S/C2H2F3NO/c3-2(4,5)1(6)7/h(H2,6,7)",NRKYWOKHZRQRJR-UHFFFAOYSA-N,NC(=O)C(F)(F)F,-1.4850227408,-1.39,True,True
A-949,N-butylbenzenesulfonamide,"InChI=1S/C10H15NO2S/c1-2-3-9-11-14(12,13)10-7-5-4-6-8-10/h4-8,11H,2-3,9H2,1H3",IPRJXAGUEGOFGG-UHFFFAOYSA-N,CCCCN[S](=O)(=O)c1ccccc1,-3.764802467,-2.67,True,True
A-959,"[3-methyl-4-(2,2,2-trifluoroethoxy)pyridin-2-yl]methanol","InChI=1S/C9H10F3NO2/c1-6-7(4-14)13-3-2-8(6)15-5-9(10,11)12/h2-3,14H,4-5H2,1H3",GNILTGRCVCMPFJ-UHFFFAOYSA-N,Cc1c(CO)nccc1OCC(F)(F)F,-1.7920737105,-1.54,True,True
A-997,1-chloro-4-(trifluoromethyl)benzene,"InChI=1S/C7H4ClF3/c8-6-3-1-5(2-4-6)7(9,10)11/h1-4H",QULYNCCPRWKEMF-UHFFFAOYSA-N,FC(F)(F)c1ccc(Cl)cc1,-3.7276952246,-2.7,True,True
A-1018,bromo(trifluoro)methane,"InChI=1S/CBrF3/c2-1(3,4)5",RJCQBQGAPKAMLL-UHFFFAOYSA-N,FC(F)(F)Br,-2.6677709688,-1.22,True,True
A-1086,"2,2,3,3,4,4,5,5-octafluoropentyl 2-methylprop-2-enoate","InChI=1S/C9H8F8O2/c1-4(2)5(18)19-3-7(12,13)9(16,17)8(14,15)6(10)11/h6H,1,3H2,2H3",ZNJXRXXJPIFFAO-UHFFFAOYSA-N,CC(=C)C(=O)OCC(F)(F)C(F)(F)C(F)(F)C(F)F,-4.0002098583,-3.43,True,True
A-1168,"methyl 2,2,2-trifluoroacetate","InChI=1S/C3H3F3O2/c1-8-2(7)3(4,5)6/h1H3",VMVNZNXAVJHNDJ-UHFFFAOYSA-N,COC(=O)C(F)(F)F,-0.6479837034,-1.8,True,True
A-1215,"4-amino-2,5-dimethoxy-N-phenylbenzenesulfonamide","InChI=1S/C14H16N2O4S/c1-19-12-9-14(13(20-2)8-11(12)15)21(17,18)16-10-6-4-3-5-7-10/h3-9,16H,15H2,1-2H3",NFYQAEPHDGXJSY-UHFFFAOYSA-N,COc1cc(c(OC)cc1N)[S](=O)(=O)Nc2ccccc2,-4.0576928644,-3.31,True,True
A-1315,4-(trifluoromethyl)aniline,"InChI=1S/C7H6F3N/c8-7(9,10)5-1-3-6(11)4-2-5/h1-4H,11H2",ODGIMMLDVSWADK-UHFFFAOYSA-N,Nc1ccc(cc1)C(F)(F)F,-2.8473301434,-1.46,True,True
A-1319,hexafluoroprop-1-ene,"InChI=1S/C3F6/c4-1(2(5)6)3(7,8)9",HCDGVLDPFQMKDK-UHFFFAOYSA-N,FC(F)=C(F)C(F)(F)F,-2.8243557491,-4.16,True,True
A-1327,"4-[1,1,1,3,3,3-hexafluoro-2-(4-hydroxyphenyl)propan-2-yl]phenol","InChI=1S/C15H10F6O2/c16-14(17,18)13(15(19,20)21,9-1-5-11(22)6-2-9)10-3-7-12(23)8-4-10/h1-8,22-23H",ZFVMWEVVKGLCIJ-UHFFFAOYSA-N,Oc1ccc(cc1)C(c2ccc(O)cc2)(C(F)(F)F)C(F)(F)F,-3.1795029693,-3.93,True,True
A-1337,"1,1,2,2,3,3,4,4-octafluoro-1,4-diiodobutane","InChI=1S/C4F8I2/c5-1(6,3(9,10)13)2(7,8)4(11,12)14",JILAKKYYZPDQBE-UHFFFAOYSA-N,FC(F)(I)C(F)(F)C(F)(F)C(F)(F)I,-3.314476262,-1.96,True,True
A-1347,4-[4-[[4-chloro-3-(trifluoromethyl)phenyl]carbamoylamino]phenoxy]-N-methylpyridine-2-carboxamide,"InChI=1S/C21H16ClF3N4O3/c1-26-19(30)18-11-15(8-9-27-18)32-14-5-2-12(3-6-14)28-20(31)29-13-4-7-17(22)16(10-13)21(23,24)25/h2-11H,1H3,(H,26,30)(H2,28,29,31)",MLDQJTXFUGDVEO-UHFFFAOYSA-N,CNC(=O)c1cc(Oc2ccc(NC(=O)Nc3ccc(Cl)c(c3)C(F)(F)F)cc2)ccn1,-6.6672950838,-5.43,True,True
A-1436,"1,1,2-trifluoro-2-(pentafluoroethoxy)ethene","InChI=1S/C4F8O/c5-1(6)2(7)13-4(11,12)3(8,9)10",GWTYBAOENKSFAY-UHFFFAOYSA-N,FC(F)=C(F)OC(F)(F)C(F)(F)F,-4.9542967929,-5.14,True,True
A-1464,2-{methyl[(nonafluorobutyl)sulfonyl]amino}ethyl acrylate,"InChI=1S/C10H10F9NO4S/c1-3-6(21)24-5-4-20(2)25(22,23)10(18,19)8(13,14)7(11,12)9(15,16)17/h3H,1,4-5H2,2H3",KEMCLRGAIUJRAN-UHFFFAOYSA-N,CN(CCOC(=O)C=C)[S](=O)(=O)C(F)(F)C(F)(F)C(F)(F)C(F)(F)F,-5.3087460931,-4.2,True,True
A-1467,"1,1,1-TRICHLORO-2,2,2-TRIFLUOROETHANE","InChI=1S/C2Cl3F3/c3-1(4,5)2(6,7)8",BOSAWIQFTJIYIS-UHFFFAOYSA-N,FC(F)(F)C(Cl)(Cl)Cl,-4.3331923932,-3.03,True,True
A-1485,hexafluoroprop-1-ene,"InChI=1S/C3F6/c4-1(2(5)6)3(7,8)9",HCDGVLDPFQMKDK-UHFFFAOYSA-N,FC(F)=C(F)C(F)(F)F,-2.8887982833,-4.16,True,True
A-1543,"3,3,4,4,5,5,6,6,7,7,8,8,8-tridecafluorooctan-1-ol","InChI=1S/C8H5F13O/c9-3(10,1-2-22)4(11,12)5(13,14)6(15,16)7(17,18)8(19,20)21/h22H,1-2H2",GRJRKPMIRMSBNK-UHFFFAOYSA-N,OCCC(F)(F)C(F)(F)C(F)(F)C(F)(F)C(F)(F)C(F)(F)F,-4.2870640225,-3.56,True,True
A-1594,hexafluoroprop-1-ene,"InChI=1S/C3F6/c4-1(2(5)6)3(7,8)9",HCDGVLDPFQMKDK-UHFFFAOYSA-N,FC(F)=C(F)C(F)(F)F,-2.9480084484,-4.16,True,True
A-1598,4-chloro-1-nitro-2-(trifluoromethyl)benzene,"InChI=1S/C7H3ClF3NO2/c8-4-1-2-6(12(13)14)5(3-4)7(9,10)11/h1-3H",CFPIGEXZPWTNOR-UHFFFAOYSA-N,[O-][N+](=O)c1ccc(Cl)cc1C(F)(F)F,-3.1279393261,-4.56,True,True
A-1669,"3,3,4,4,5,5,6,6,6-nonafluorohex-1-ene","InChI=1S/C6H3F9/c1-2-3(7,8)4(9,10)5(11,12)6(13,14)15/h2H,1H2",GVEUEBXMTMZVSD-UHFFFAOYSA-N,FC(F)(F)C(F)(F)C(F)(F)C(F)(F)C=C,-4.1979376007,-3.85,True,True
A-1692,"1,1,2,2,3,3,4,4,4-nonafluoro-N-(2-hydroxyethyl)-N-methylbutane-1-sulfonamide","InChI=1S/C7H8F9NO3S/c1-17(2-3-18)21(19,20)7(15,16)5(10,11)4(8,9)6(12,13)14/h18H,2-3H2,1H3",DSRUAYIFDCHEEV-UHFFFAOYSA-N,CN(CCO)[S](=O)(=O)C(F)(F)C(F)(F)C(F)(F)C(F)(F)F,-3.4036850425,-3.46,True,True
A-1799,"N-cyclohexyl-3-[(4-{[3-(cyclohexylsulfamoyl)-2,4,6-trimethylphenyl]amino}-9,10-dioxo-9,10-dihydroanthracen-1-yl)amino]-2,4,6-trimethylbenzene-1-sulfonamide","InChI=1S/C44H52N4O6S2/c1-25-23-27(3)43(55(51,52)47-31-15-9-7-10-16-31)29(5)39(25)45-35-21-22-36(38-37(35)41(49)33-19-13-14-20-34(33)42(38)50)46-40-26(2)24-28(4)44(30(40)6)56(53,54)48-32-17-11-8-12-18-32/h13-14,19-24,31-32,45-48H,7-12,15-18H2,1-6H3",AYYCRXDSCYPSRP-UHFFFAOYSA-N,Cc1cc(C)c(c(C)c1Nc2ccc(Nc3c(C)cc(C)c(c3C)[S](=O)(=O)NC4CCCCC4)c5C(=O)c6ccccc6C(=O)c25)[S](=O)(=O)NC7CCCCC7,-4.8187034651,-6.37,True,True
A-1885,"2,2,2-trifluoroethan-1-ol","InChI=1S/C2H3F3O/c3-2(4,5)1-6/h6H,1H2",RHQDFWAXVIIEBN-UHFFFAOYSA-N,OCC(F)(F)F,0.9998306582,-0.25,True,True
A-2143,"3,3,4,4,5,5,6,6,7,7,8,8,8-tridecafluorooctyl 2-methylprop-2-enoate","InChI=1S/C12H9F13O2/c1-5(2)6(26)27-4-3-7(13,14)8(15,16)9(17,18)10(19,20)11(21,22)12(23,24)25/h1,3-4H2,2H3",CDXFIRXEAJABAZ-UHFFFAOYSA-N,CC(=C)C(=O)OCCC(F)(F)C(F)(F)C(F)(F)C(F)(F)C(F)(F)C(F)(F)F,-6.0581688457,-4.56,True,True
A-2187,"3,3,4,4,5,5,6,6,7,7,8,8,8-tridecafluorooctyl prop-2-enoate","InChI=1S/C11H7F13O2/c1-2-5(25)26-4-3-6(12,13)7(14,15)8(16,17)9(18,19)10(20,21)11(22,23)24/h2H,1,3-4H2",VPKQPPJQTZJZDB-UHFFFAOYSA-N,FC(F)(F)C(F)(F)C(F)(F)C(F)(F)C(F)(F)C(F)(F)CCOC(=O)C=C,-6.3541593341,-4.37,True,True
A-2254,"3,3,4,4,5,5,6,6,7,7,8,8,8-tridecafluorooctyl 2-methylprop-2-enoate","InChI=1S/C12H9F13O2/c1-5(2)6(26)27-4-3-7(13,14)8(15,16)9(17,18)10(19,20)11(21,22)12(23,24)25/h1,3-4H2,2H3",CDXFIRXEAJABAZ-UHFFFAOYSA-N,CC(=C)C(=O)OCCC(F)(F)C(F)(F)C(F)(F)C(F)(F)C(F)(F)C(F)(F)F,-7.0124113552,-4.56,True,True
A-2328,potassium nonafluorobutane-1-sulfonate,"InChI=1S/C4HF9O3S.K/c5-1(6,3(9,10)11)2(7,8)4(12,13)17(14,15)16;/h(H,14,15,16);/q;+1/p-1",LVTHXRLARFLXNR-UHFFFAOYSA-M,[K+].[O-][S](=O)(=O)C(F)(F)C(F)(F)C(F)(F)C(F)(F)F,-0.8081724492,-3.46,True,True
A-2347,tetrafluoromethane,"InChI=1S/CF4/c2-1(3,4)5",TXEYQDLBPFQVAA-UHFFFAOYSA-N,FC(F)(F)F,-3.6703396281,-1.03,True,True
A-2490,(1-ethoxy-1-oxopropan-2-yl) 5-[2-chloro-4-(trifluoromethyl)phenoxy]-2-nitrobenzoate,"InChI=1S/C19H15ClF3NO7/c1-3-29-17(25)10(2)30-18(26)13-9-12(5-6-15(13)24(27)28)31-16-7-4-11(8-14(16)20)19(21,22)23/h4-10H,3H2,1-2H3",CONWAEURSVPLRM-UHFFFAOYSA-N,CCOC(=O)C(C)OC(=O)c1cc(Oc2ccc(cc2Cl)C(F)(F)F)ccc1[N+]([O-])=O,-6.6230386723,-6.18,True,True
A-2534,(2R)-2-[4-[5-(trifluoromethyl)pyridin-2-yl]oxyphenoxy]propanoic acid,"InChI=1S/C15H12F3NO4/c1-9(14(20)21)22-11-3-5-12(6-4-11)23-13-7-2-10(8-19-13)15(16,17)18/h2-9H,1H3,(H,20,21)/t9-/m1/s1",YUVKUEAFAVKILW-SECBINFHSA-N,C[C@@H](Oc1ccc(Oc2ccc(cn2)C(F)(F)F)cc1)C(O)=O,-1.5958121795,-4.09,True,True
A-2535,(2R)-2-[4-[5-(trifluoromethyl)pyridin-2-yl]oxyphenoxy]propanoic acid,"InChI=1S/C15H12F3NO4/c1-9(14(20)21)22-11-3-5-12(6-4-11)23-13-7-2-10(8-19-13)15(16,17)18/h2-9H,1H3,(H,20,21)/t9-/m1/s1",YUVKUEAFAVKILW-SECBINFHSA-N,C[C@@H](Oc1ccc(Oc2ccc(cn2)C(F)(F)F)cc1)C(O)=O,-2.6227956692,-4.09,True,True
A-2752,"N-{2-[(E)-2-(2,6-dicyano-4-methylphenyl)diazen-1-yl]-5-(diethylamino)phenyl}methanesulfonamide","InChI=1S/C20H22N6O2S/c1-5-26(6-2)17-7-8-18(19(11-17)25-29(4,27)28)23-24-20-15(12-21)9-14(3)10-16(20)13-22/h7-11,25H,5-6H2,1-4H3",NSLHLMXJNOITEZ-UHFFFAOYSA-N,CCN(CC)c1ccc(N=Nc2c(cc(C)cc2C#N)C#N)c(N[S](C)(=O)=O)c1,-7.2331050936,-4.2,True,True
A-2755,"1-bromo-1,1,2,2,3,3,4,4,5,5,6,6,7,7,8,8,8-heptadecafluorooctane","InChI=1S/C8BrF17/c9-7(22,23)5(18,19)3(14,15)1(10,11)2(12,13)4(16,17)6(20,21)8(24,25)26",WTWWXOGTJWMJHI-UHFFFAOYSA-N,FC(F)(F)C(F)(F)C(F)(F)C(F)(F)C(F)(F)C(F)(F)C(F)(F)C(F)(F)Br,-7.3970339946,-4.2,True,True
A-3050,"1,1-dimethyl-3-[3-(trifluoromethyl)phenyl]urea","InChI=1S/C10H11F3N2O/c1-15(2)9(16)14-8-5-3-4-7(6-8)10(11,12)13/h3-6H,1-2H3,(H,14,16)",RZILCCPWPBTYDO-UHFFFAOYSA-N,CN(C)C(=O)Nc1cccc(c1)C(F)(F)F,-3.3205485882,-3.24,True,True
A-3131,"propan-2-yl 2,2,2-trifluoroacetate","InChI=1S/C5H7F3O2/c1-3(2)10-4(9)5(6,7)8/h3H,1-2H3",ASAXRKSDVDALDT-UHFFFAOYSA-N,CC(C)OC(=O)C(F)(F)F,-1.2249283009,-2.21,True,True
A-3282,"propan-2-yl 2,2,2-trifluoroacetate","InChI=1S/C5H7F3O2/c1-3(2)10-4(9)5(6,7)8/h3H,1-2H3",ASAXRKSDVDALDT-UHFFFAOYSA-N,CC(C)OC(=O)C(F)(F)F,-1.3183499861,-2.21,True,True
A-3290,"propan-2-yl 2,2,2-trifluoroacetate","InChI=1S/C5H7F3O2/c1-3(2)10-4(9)5(6,7)8/h3H,1-2H3",ASAXRKSDVDALDT-UHFFFAOYSA-N,CC(C)OC(=O)C(F)(F)F,-1.336078753,-2.21,True,True
A-3299,potassium trifluoroacetate,"InChI=1S/C2HF3O2.K/c3-2(4,5)1(6)7;/h(H,6,7);/q;+1/p-1",CUNPJFGIODEJLQ-UHFFFAOYSA-M,[K+].[O-]C(=O)C(F)(F)F,0.6610693015,-1.56,True,True
A-3477,"N,N,N-triethylethanaminium 1,1,2,2,3,3,4,4,5,5,6,6,7,7,8,8,8-heptadecafluorooctane-1-sulfonate","InChI=1S/C8HF17O3S.C8H20N/c9-1(10,3(13,14)5(17,18)7(21,22)23)2(11,12)4(15,16)6(19,20)8(24,25)29(26,27)28;1-5-9(6-2,7-3)8-4/h(H,26,27,28);5-8H2,1-4H3/q;+1/p-1",JHDXAQHGAJXNBY-UHFFFAOYSA-M,CC[N+](CC)(CC)CC.[O-][S](=O)(=O)C(F)(F)C(F)(F)C(F)(F)C(F)(F)C(F)(F)C(F)(F)C(F)(F)C(F)(F)F,-0.0721808988,-4.31,True,True
A-3522,"propan-2-yl 2,2,2-trifluoroacetate","InChI=1S/C5H7F3O2/c1-3(2)10-4(9)5(6,7)8/h3H,1-2H3",ASAXRKSDVDALDT-UHFFFAOYSA-N,CC(C)OC(=O)C(F)(F)F,-1.4452232224,-2.21,True,True
A-3542,toluenesulphonamide,"InChI=1S/C7H9NO2S/c1-6-4-2-3-5-7(6)11(8,9)10/h2-5H,1H3,(H2,8,9,10)",YCMLQMDWSXFTIF-UHFFFAOYSA-N,Cc1ccccc1[S](N)(=O)=O,-1.5259868531,-1.71,True,True
A-3547,3-(trifluoromethyl)aniline,"InChI=1S/C7H6F3N/c8-7(9,10)5-2-1-3-6(11)4-5/h1-4H,11H2",VIUDTWATMPPKEL-UHFFFAOYSA-N,Nc1cccc(c1)C(F)(F)F,-1.5081956214,-1.42,True,True
A-3608,potassium nonafluorobutane-1-sulfonate,"InChI=1S/C4HF9O3S.K/c5-1(6,3(9,10)11)2(7,8)4(12,13)17(14,15)16;/h(H,14,15,16);/q;+1/p-1",LVTHXRLARFLXNR-UHFFFAOYSA-M,[K+].[O-][S](=O)(=O)C(F)(F)C(F)(F)C(F)(F)C(F)(F)F,-0.8645162178,-3.46,True,True
A-3638,potassium nonafluorobutane-1-sulfonate,"InChI=1S/C4HF9O3S.K/c5-1(6,3(9,10)11)2(7,8)4(12,13)17(14,15)16;/h(H,14,15,16);/q;+1/p-1",LVTHXRLARFLXNR-UHFFFAOYSA-M,[K+].[O-][S](=O)(=O)C(F)(F)C(F)(F)C(F)(F)C(F)(F)F,-0.8827544671,-3.46,True,True
A-3709,3-(trifluoromethyl)aniline,"InChI=1S/C7H6F3N/c8-7(9,10)5-2-1-3-6(11)4-5/h1-4H,11H2",VIUDTWATMPPKEL-UHFFFAOYSA-N,Nc1cccc(c1)C(F)(F)F,-1.5369197727,-1.42,True,True
A-3891,sodium 6-amino-4-hydroxy-5-[(E)-2-[2-(trifluoromethyl)phenyl]diazen-1-yl]naphthalene-2-sulfonate,"InChI=1S/C17H12F3N3O4S.Na/c18-17(19,20)11-3-1-2-4-13(11)22-23-16-12(21)6-5-9-7-10(28(25,26)27)8-14(24)15(9)16;/h1-8,21-23H,(H,25,26,27);/q;+1/p-1",GVCNKWIFAPJNDM-UHFFFAOYSA-M,[Na+].[O-][S](=O)(=O)C1=CC(=O)C2=C(NNc3ccccc3C(F)(F)F)C(=N)C=CC2=C1,-2.0686300615,-4.55,True,True
A-3908,2-(trifluoromethyl)aniline,"InChI=1S/C7H6F3N/c8-7(9,10)5-3-1-2-4-6(5)11/h1-4H,11H2",VBLXCTYLWZJBKA-UHFFFAOYSA-N,Nc1ccccc1C(F)(F)F,-1.6756867087,-1.44,True,True
A-3922,4-methylbenzene-1-sulfonamide,"InChI=1S/C7H9NO2S/c1-6-2-4-7(5-3-6)11(8,9)10/h2-5H,1H3,(H2,8,9,10)",LMYRWZFENFIFIT-UHFFFAOYSA-N,Cc1ccc(cc1)[S](N)(=O)=O,-1.7421953353,-1.88,True,True
A-4271,"1,1,1,3,3,3-hexafluoropropan-2-ol","InChI=1S/C3H2F6O/c4-2(5,6)1(10)3(7,8)9/h1,10H",BYEAHWXPCBROCE-UHFFFAOYSA-N,OC(C(F)(F)F)C(F)(F)F,0.020110333,-1.65,True,True
A-4549,trifluoroacetic acid,"InChI=1S/C2HF3O2/c3-2(4,5)1(6)7/h(H,6,7)",DTQVDTLACAAQTR-UHFFFAOYSA-N,OC(=O)C(F)(F)F,0.9430113455,-1.52,True,True
A-4589,"N-(4-amino-3-methoxy-9,10-dioxo-9,10-dihydroanthracen-1-yl)benzenesulfonamide","InChI=1S/C21H16N2O5S/c1-28-16-11-15(23-29(26,27)12-7-3-2-4-8-12)17-18(19(16)22)21(25)14-10-6-5-9-13(14)20(17)24/h2-11,23H,22H2,1H3",ZUWHJJGOYZUNDW-UHFFFAOYSA-N,COc1cc(N[S](=O)(=O)c2ccccc2)c3C(=O)c4ccccc4C(=O)c3c1N,-2.3558504459,-5.03,True,True
A-4608,2-methylbenzenesulfonamide,"InChI=1S/C7H9NO2S/c1-6-4-2-3-5-7(6)11(8,9)10/h2-5H,1H3,(H2,8,9,10)",YCMLQMDWSXFTIF-UHFFFAOYSA-N,Cc1ccccc1[S](N)(=O)=O,-2.0294370465,-1.71,True,True
A-4688,"2-bromo-3,3,3-trifluoroprop-1-ene","InChI=1S/C3H2BrF3/c1-2(4)3(5,6)7/h1H2",QKBKGNDTLQFSEU-UHFFFAOYSA-N,FC(F)(F)C(Br)=C,-2.2385851258,-2.15,True,True
A-4691,"1,1,1,2-tetrafluoroethane","InChI=1S/C2H2F4/c3-1-2(4,5)6/h1H2",LVGUZGTVOIAKKC-UHFFFAOYSA-N,FCC(F)(F)F,-2.0087278867,-0.74,True,True
A-4703,4-chloro-2-(trifluoromethyl)aniline,"InChI=1S/C7H5ClF3N/c8-4-1-2-6(12)5(3-4)7(9,10)11/h1-3H,12H2",CVINWVPRKDIGLL-UHFFFAOYSA-N,Nc1ccc(Cl)cc1C(F)(F)F,-2.2934813757,-2.19,True,True
A-4737,2-nitro-4-(trifluoromethyl)benzonitrile,"InChI=1S/C8H3F3N2O2/c9-8(10,11)6-2-1-5(4-12)7(3-6)13(14)15/h1-3H",BQCWLXXZTCLGSZ-UHFFFAOYSA-N,[O-][N+](=O)c1cc(ccc1C#N)C(F)(F)F,-2.4707735629,-4.2,True,True
A-4756,"trimethoxy(3,3,4,4,5,5,6,6,7,7,8,8,8-tridecafluorooctyl)silane","InChI=1S/C11H13F13O3Si/c1-25-28(26-2,27-3)5-4-6(12,13)7(14,15)8(16,17)9(18,19)10(20,21)11(22,23)24/h4-5H2,1-3H3",BVQYIDJXNYHKRK-UHFFFAOYSA-N,CO[Si](CCC(F)(F)C(F)(F)C(F)(F)C(F)(F)C(F)(F)C(F)(F)F)(OC)OC,-2.8923562141,-4.03,True,True
A-4757,"4-amino-5-methoxy-N,2-dimethylbenzenesulfonamide","InChI=1S/C9H14N2O3S/c1-6-4-7(10)8(14-3)5-9(6)15(12,13)11-2/h4-5,11H,10H2,1-3H3",GWSQAGVGSHXRJK-UHFFFAOYSA-N,CN[S](=O)(=O)c1cc(OC)c(N)cc1C,-2.5769433589,-1.79,True,True
A-4807,N-butylbenzenesulfonamide,"InChI=1S/C10H15NO2S/c1-2-3-9-11-14(12,13)10-7-5-4-6-8-10/h4-8,11H,2-3,9H2,1H3",IPRJXAGUEGOFGG-UHFFFAOYSA-N,CCCCN[S](=O)(=O)c1ccccc1,-2.6757824138,-2.67,True,True
A-4934,"1,2-dichloro-4-(trifluoromethyl)benzene","InChI=1S/C7H3Cl2F3/c8-5-2-1-4(3-6(5)9)7(10,11)12/h1-3H",XILPLWOGHPSJBK-UHFFFAOYSA-N,FC(F)(F)c1ccc(Cl)c(Cl)c1,-3.2679824907,-3.69,True,True
A-4974,5-Chlorothiophene-2-sulfonamide,"InChI=1S/C4H4ClNO2S2/c5-3-1-2-4(9-3)10(6,7)8/h1-2H,(H2,6,7,8)",RKLQLYBJAZBSEU-UHFFFAOYSA-N,N[S](=O)(=O)c1sc(Cl)cc1,-3.2959363681,-2.21,True,True
A-4995,"2,2,3,3,4,4,5,5-octafluoropentyl 2-methylprop-2-enoate","InChI=1S/C9H8F8O2/c1-4(2)5(18)19-3-7(12,13)9(16,17)8(14,15)6(10)11/h6H,1,3H2,2H3",ZNJXRXXJPIFFAO-UHFFFAOYSA-N,CC(=C)C(=O)OCC(F)(F)C(F)(F)C(F)(F)C(F)F,-3.9721811347,-3.43,True,True
A-5001,"2,2,3,3,4,4,5,5-octafluoropentyl 2-methylprop-2-enoate","InChI=1S/C9H8F8O2/c1-4(2)5(18)19-3-7(12,13)9(16,17)8(14,15)6(10)11/h6H,1,3H2,2H3",ZNJXRXXJPIFFAO-UHFFFAOYSA-N,CC(=C)C(=O)OCC(F)(F)C(F)(F)C(F)(F)C(F)F,-4.0002098583,-3.43,True,True
A-5007,"2,2,3,3,4,4,5,5-octafluoropentyl 2-methylprop-2-enoate","InChI=1S/C9H8F8O2/c1-4(2)5(18)19-3-7(12,13)9(16,17)8(14,15)6(10)11/h6H,1,3H2,2H3",ZNJXRXXJPIFFAO-UHFFFAOYSA-N,CC(=C)C(=O)OCC(F)(F)C(F)(F)C(F)(F)C(F)F,-4.0459673488,-3.43,True,True
A-5020,"2,2,3,3,4,4,5,5-octafluoropentyl 2-methylprop-2-enoate","InChI=1S/C9H8F8O2/c1-4(2)5(18)19-3-7(12,13)9(16,17)8(14,15)6(10)11/h6H,1,3H2,2H3",ZNJXRXXJPIFFAO-UHFFFAOYSA-N,CC(=C)C(=O)OCC(F)(F)C(F)(F)C(F)(F)C(F)F,-4.2220586079,-3.43,True,True
A-5396,"1,1,1,2,2,4,5,5,5-nonafluoro-4-(trifluoromethyl)pentan-3-one","InChI=1S/C6F12O/c7-2(4(10,11)12,5(13,14)15)1(19)3(8,9)6(16,17)18",RMLFHPWPTXWZNJ-UHFFFAOYSA-N,FC(F)(F)C(F)(F)C(=O)C(F)(C(F)(F)F)C(F)(F)F,-1.4997434273,-4.66,True,True
A-5552,"1,1,2,2,3,3,4,5,5,6-decafluoro-4,6-bis(trifluoromethyl)cyclohexane","InChI=1S/C8F16/c9-1(7(19,20)21)3(11,12)2(10,8(22,23)24)5(15,16)6(17,18)4(1,13)14",LOQGSOTUHASIHI-UHFFFAOYSA-N,FC(F)(F)C1(F)C(F)(F)C(F)(F)C(F)(F)C(F)(C(F)(F)F)C1(F)F,-7.6021207883,-3.93,True,True
A-5553,octadecafluorodecahydronaphthalene,"InChI=1S/C10F18/c11-1-2(12,5(17,18)9(25,26)7(21,22)3(1,13)14)6(19,20)10(27,28)8(23,24)4(1,15)16",UWEYRJFJVCLAGH-UHFFFAOYSA-N,FC1(F)C(F)(F)C(F)(F)C2(F)C(F)(F)C(F)(F)C(F)(F)C(F)(F)C2(F)C1(F)F,-7.6647115323,-3.91,True,True
A-5554,octadecafluorooctane,"InChI=1S/C8F18/c9-1(10,3(13,14)5(17,18)7(21,22)23)2(11,12)4(15,16)6(19,20)8(24,25)26",YVBBRRALBYAZBM-UHFFFAOYSA-N,FC(F)(F)C(F)(F)C(F)(F)C(F)(F)C(F)(F)C(F)(F)C(F)(F)C(F)(F)F,-7.6415256675,-4.17,True,True
A-5614,"2,2,3,3,5,5,6,6-octafluoro-4-(trifluoromethyl)morpholine","InChI=1S/C5F11NO/c6-1(7)3(10,11)18-4(12,13)2(8,9)17(1)5(14,15)16",PQMAKJUXOOVROI-UHFFFAOYSA-N,FC(F)(F)N1C(F)(F)C(F)(F)OC(F)(F)C1(F)F,-5.5960586261,-4.75,True,True
A-5737,"1,1,1,2,2,3,3,4,4,5,5,6,6-tridecafluoro-8-iodooctane","InChI=1S/C8H4F13I/c9-3(10,1-2-22)4(11,12)5(13,14)6(15,16)7(17,18)8(19,20)21/h1-2H2",NVVZEKTVIXIUKW-UHFFFAOYSA-N,FC(F)(F)C(F)(F)C(F)(F)C(F)(F)C(F)(F)C(F)(F)CCI,-7.1886381337,-4.09,True,True
A-5803,"3-ethoxy-1,1,1,2,3,4,4,5,5,6,6,6-dodecafluoro-2-(trifluoromethyl)hexane","InChI=1S/C9H5F15O/c1-2-25-6(15,3(10,7(16,17)18)8(19,20)21)4(11,12)5(13,14)9(22,23)24/h2H2,1H3",HHBBIOLEJRWIGU-UHFFFAOYSA-N,CCOC(F)(C(F)(F)C(F)(F)C(F)(F)F)C(F)(C(F)(F)F)C(F)(F)F,-7.2887340171,-3.9,True,True
A-5864,"3-oxo-N-(2-oxo-2,3-dihydro-1H-1,3-benzodiazol-5-yl)-2-[(E)-2-[2-(trifluoromethyl)phenyl]diazen-1-yl]butanamide","InChI=1S/C18H14F3N5O3/c1-9(27)15(26-25-12-5-3-2-4-11(12)18(19,20)21)16(28)22-10-6-7-13-14(8-10)24-17(29)23-13/h2-8,15H,1H3,(H,22,28)(H2,23,24,29)",VBNVBMNKUIJLPP-UHFFFAOYSA-N,CC(=O)C(N=Nc1ccccc1C(F)(F)F)C(=O)Nc2ccc3NC(=O)Nc3c2,-7.455526833,-4.19,True,True
A-5874,"3-ethoxy-1,1,1,2,3,4,4,5,5,6,6,6-dodecafluoro-2-(trifluoromethyl)hexane","InChI=1S/C9H5F15O/c1-2-25-6(15,3(10,7(16,17)18)8(19,20)21)4(11,12)5(13,14)9(22,23)24/h2H2,1H3",HHBBIOLEJRWIGU-UHFFFAOYSA-N,CCOC(F)(C(F)(F)C(F)(F)C(F)(F)F)C(F)(C(F)(F)F)C(F)(F)F,-7.4932619796,-3.9,True,True
A-5958,"1,1,2,2,3,3,3-heptafluoro-N,N-bis(heptafluoropropyl)propan-1-amine","InChI=1S/C9F21N/c10-1(11,4(16,17)18)7(25,26)31(8(27,28)2(12,13)5(19,20)21)9(29,30)3(14,15)6(22,23)24",JAJLKEVKNDUJBG-UHFFFAOYSA-N,FC(F)(F)C(F)(F)C(F)(F)N(C(F)(F)C(F)(F)C(F)(F)F)C(F)(F)C(F)(F)C(F)(F)F,-9.1359660934,-5.04,True,True
A-5997,"4-methyl-2,6-bis[(4-methylphenyl)amino]-5-{2-[2-(trifluoromethyl)phenyl]diazen-1-yl}pyridine-3-carbonitrile","InChI=1S/C28H23F3N6/c1-17-8-12-20(13-9-17)33-26-22(16-32)19(3)25(27(35-26)34-21-14-10-18(2)11-15-21)37-36-24-7-5-4-6-23(24)28(29,30)31/h4-15H,1-3H3,(H2,33,34,35)",FOICTPKVVFHDJU-UHFFFAOYSA-N,Cc1ccc(Nc2nc(Nc3ccc(C)cc3)c(C#N)c(C)c2N=Nc4ccccc4C(F)(F)F)cc1,-7.7171571443,-5.32,True,True
A-6029,nonafluorobutane-1-sulfonyl fluoride,"InChI=1S/C4F10O2S/c5-1(6,3(9,10)11)2(7,8)4(12,13)17(14,15)16",LUYQYZLEHLTPBH-UHFFFAOYSA-N,FC(F)(F)C(F)(F)C(F)(F)C(F)(F)[S](F)(=O)=O,-6.0423843487,-3.6,True,True
A-6031,"3,3'-[(2-chloro-5-methyl-p-phenylene)bis[imino(1-acetyl-2-oxoethylene)azo]]bis[4-chloro-N-[2-(4-chlorophenoxy)-5-(trifluoromethyl)phenyl]benzamide]","InChI=1S/C55H37Cl5F6N8O8/c1-26-20-41(68-53(80)49(28(3)76)74-72-43-22-30(5-17-38(43)59)51(78)70-45-24-32(55(64,65)66)7-19-47(45)82-36-14-10-34(57)11-15-36)39(60)25-40(26)67-52(79)48(27(2)75)73-71-42-21-29(4-16-37(42)58)50(77)69-44-23-31(54(61,62)63)6-18-46(44)81-35-12-8-33(56)9-13-35/h4-25,48-49H,1-3H3,(H,67,79)(H,68,80)(H,69,77)(H,70,78)",VOCMTGRPDQPZFA-UHFFFAOYSA-N,CC(=O)C(N=Nc1cc(ccc1Cl)C(=O)Nc2cc(ccc2Oc3ccc(Cl)cc3)C(F)(F)F)C(=O)Nc4cc(Cl)c(NC(=O)C(N=Nc5cc(ccc5Cl)C(=O)Nc6cc(ccc6Oc7ccc(Cl)cc7)C(F)(F)F)C(C)=O)cc4C,-7.6916832495,-6.96,True,True
