smiles,logS,weight,source,in_pool,in_strict_PFAS
CC(=O)C(N=Nc1ccccc1C(F)(F)F)C(=O)Nc1ccc2[nH]c(=O)[nH]c2c1,-7.45553,0.25,aqsol,True,True
CC(=O)Nc1cc(NS(=O)(=O)C(F)(F)F)c(C)cc1C,-3.23886,1.0,aqsol,True,True
CC(C)C(O)(c1ccc(OC(F)(F)F)cc1)c1cncnc1,-3.4377,0.25,aqsol,True,True
CC(C)OC(=O)C(F)(F)F,-1.33608,0.25,aqsol,True,True
CC(C)Oc1cccc(NC(=O)c2ccccc2C(F)(F)F)c1,-4.59483,1.0,aqsol,True,True
CC(F)(F)F,-2.0431,0.25,aqsol,True,True
CCCCNS(=O)(=O)c1ccccc1,-2.67578,0.25,aqsol,True,True
CCCOCC(=Nc1ccc(Cl)cc1C(F)(F)F)n1ccnc1,-4.44,0.25,aqsol,True,True
CCOC(=O)CC(=O)C(F)(F)F,-1.47223,0.675,aqsol,True,True
CCOC(F)(C(F)(F)C(F)(F)C(F)(F)F)C(F)(C(F)(F)F)C(F)(F)F,-7.28873,0.25,aqsol,True,True
CN(CCO)S(=O)(=O)C(F)(F)C(F)(F)C(F)(F)C(F)(F)F,-3.40369,0.25,aqsol,True,True
CNS(=O)(=O)c1cc(OC)c(N)cc1C,-2.57694,0.25,aqsol,True,True
CNS(=O)(=O)c1cc(OC)c(N)cc1OC,-3.65108,0.25,aqsol,True,True
COC(=O)C(F)(F)F,-0.647984,0.25,aqsol,True,True
Cc1c(OCC(F)(F)F)ccnc1CO,-1.79207,0.25,aqsol,True,True
FC(Br)C(F)(F)F,-1.901,0.75,aqsol,True,True
FC(Cl)C(F)(F)F,-1.95963,0.675,aqsol,True,True
FC(F)(Br)C(F)(F)Br,-4.93911,0.675,aqsol,True,True
FC(F)(Cl)C(F)(F)Cl,-2.99157,1.0,aqsol,True,True
FC(F)(F)Br,-2.66867,1.0,aqsol,True,True
FC(F)(F)C(Cl)(Cl)Cl,-4.33319,0.25,aqsol,True,True
FC(F)(F)C(Cl)Br,-1.70736,1.0,aqsol,True,True
FC(F)(F)C(Cl)Cl,-1.86085,0.675,aqsol,True,True
FC(F)(F)C(F)(Cl)Cl,-3.09856,0.675,aqsol,True,True
FC(F)(F)C(F)(F)C(F)(F)C(F)(F)C(F)(F)C(F)(F)C(F)(F)C(F)(F)Br,-7.39703,0.25,aqsol,True,True
FC(F)(F)C(F)(F)C(F)(F)C(F)(F)C(F)(F)C(F)(F)C(F)(F)C(F)(F)F,-7.64153,0.25,aqsol,True,True
FC(F)(F)C(F)(F)C(F)(F)C(F)(F)C(F)(F)C(F)(F)CCI,-7.18864,0.25,aqsol,True,True
FC(F)(F)C(F)(F)C(F)(F)F,-4.518,0.75,aqsol,True,True
FC(F)(F)C(F)(F)C(F)(F)N(C(F)(F)C(F)(F)C(F)(F)F)C(F)(F)C(F)(F)C(F)(F)F,-9.13597,0.25,aqsol,True,True
FC(F)(F)C(F)(F)Cl,-3.41426,1.0,aqsol,True,True
FC(F)(F)C(F)(F)F,-4.25,0.425,aqsol,True,True
FC(F)(F)C(F)(F)F,-2.42391,0.25,aqsol,True,True
FC(F)(F)C1(F)C(F)(F)C(F)(F)C(F)(F)C(F)(C(F)(F)F)C1(F)F,-7.60212,0.25,aqsol,True,True
FC(F)(F)CCl,-1.10993,0.675,aqsol,True,True
FC(F)(F)Cl,-3.0649,0.75,aqsol,True,True
FC(F)(F)F,-3.67013,0.675,aqsol,True,True
FC(F)(F)N1C(F)(F)C(F)(F)OC(F)(F)C1(F)F,-5.59606,0.25,aqsol,True,True
FC(F)(F)c1ccc(Cl)c(Cl)c1,-3.26798,0.25,aqsol,True,True
FC(F)(F)c1ccc(Cl)cc1,-3.7277,0.25,aqsol,True,True
FC(F)(I)C(F)(F)C(F)(F)C(F)(F)I,-3.31448,0.25,aqsol,True,True
FC(F)=C(F)C(F)(F)F,-2.8888,0.25,aqsol,True,True
FC(F)=C(F)OC(F)(F)C(F)(F)F,-4.9543,0.25,aqsol,True,True
FC(F)C(F)(F)F,-1.4165,0.25,aqsol,True,True
FC(F)OC(Cl)C(F)(F)F,-1.6159,0.75,aqsol,True,True
FC(F)OC(F)(F)C(F)Cl,-1.51607,0.75,aqsol,True,True
FC1(F)C(F)(F)C(F)(F)C1(F)F,-3.68936,1.0,aqsol,True,True
FC1(F)C(F)(F)C(F)(F)C2(F)C(F)(F)C(F)(F)C(F)(F)C(F)(F)C2(F)C1(F)F,-7.66471,0.25,aqsol,True,True
FC1CC(F)(F)C(F)(F)C1(F)F,-2.43688,0.25,aqsol,True,True
FCC(F)(F)F,-2.00873,0.25,aqsol,True,True
NC(=O)C(F)(F)F,-1.48502,0.25,aqsol,True,True
NS(=O)(=O)c1ccc(Cl)s1,-3.29594,0.25,aqsol,True,True
NS(=O)(=O)c1ccccc1,-1.56138,1.0,aqsol,True,True
NS(=O)(=O)c1nc2ccc(O)cc2s1,-2.30698,0.6,aqsol,True,True
Nc1ccc(Cl)cc1C(F)(F)F,-2.29348,0.25,aqsol,True,True
Nc1ccccc1C(F)(F)F,-1.67569,0.25,aqsol,True,True
Nc1ccccc1C(F)(F)F,0.565156,0.35,aqsol,True,True
O=C(Nc1ccccc1)Nc1ccccc1NS(=O)(=O)c1ccccc1,-4.5784,0.25,aqsol,True,True
OC(C(F)(F)F)C(F)(F)F,0.0201103,0.25,aqsol,True,True
OCC(F)(F)F,0.999964,1.0,aqsol,True,True
OCCC(F)(F)C(F)(F)C(F)(F)C(F)(F)C(F)(F)C(F)(F)F,-4.28706,0.25,aqsol,True,True
CC(=O)Nc1cc(NS(=O)(=O)C(F)(F)F)c(C)cc1C,-3.23893,1.0,aqua,True,True
FC(F)(Cl)C(F)(F)Cl,-2.9975,1.0,aqua,True,True
FC(F)(F)C(Cl)Br,-1.70786,1.0,aqua,True,True
NS(=O)(=O)c1ccccc1,-1.56158,0.95,aqua,True,True
C=CC(=O)Nc1cccc(Nc2nc(Nc3ccc(N4CCN(C(C)=O)CC4)cc3OC)ncc2C(F)(F)F)c1,-5.0,0.35,chembl,True,True
CC(C)CCn1c(=O)c(C2=Nc3ccc(NS(C)(=O)=O)cc3S(=O)(=O)N2)c(O)c2cccn21,-4.0,0.35,chembl,True,True
CCCCCCCCSCC(=O)C(F)(F)F,-3.69897,0.35,chembl,True,True
CCN(CC)CCN(Cc1ccc(-c2ccc(C(F)(F)F)cc2)cc1)C(=O)Cn1c(SCc2ccc(F)cc2)nc(=O)c2c1CCC2,-5.09691,0.35,chembl,True,True
CN(C)c1nc(Cc2ccc(NC(=O)c3ccc(C(F)(F)F)cc3)cc2)nc(N(C)C)c1CC(=O)O,-4.54061,0.35,chembl,True,True
COCCN1CCC(N(Cc2ccc(-c3ccc(C(F)(F)F)cc3)cc2)C(=O)Cn2c(SCc3cccc(F)c3F)cc(=O)c3ccccc32)CC1,-6.0,0.35,chembl,True,True
COc1cccc([C@@H](Oc2ccc3c(cnn3-c3ccc(F)cc3)c2)[C@H](C)NC(=O)C(F)(F)F)c1,-4.92082,0.35,chembl,True,True
CS(=O)(=O)Nc1cccc(Nc2nccc(Nc3c(Cl)ccc4c3OCO4)n2)c1,-5.14267,0.35,chembl,True,True
C[C@@H]1CN(CC2(C(N)=O)CC2)CCN1S(=O)(=O)c1ccc([C@](C)(O)C(F)(F)F)cc1,-3.97058,0.35,chembl,True,True
C[C@H](NC1=NC(=O)[C@@](C)(C(F)(F)F)S1)c1ccccc1F,-3.65995,0.35,chembl,True,True
C[C@]1(COc2ccc(N3CCC(Oc4ccc(OC(F)(F)F)cc4)CC3)cc2)Cn2cc([N+](=O)[O-])nc2O1,-6.23658,0.233333,chembl,True,True
C[C@]1(COc2ccc(N3CCC(Oc4ccc(OC(F)(F)F)cc4)CC3)cc2)Cn2cc([N+](=O)[O-])nc2O1,-3.66348,0.116667,chembl,True,True
Cc1cc(CCCOc2c(C)cc(-c3noc(C(F)(F)F)n3)cc2C)on1,-5.69897,0.35,chembl,True,True
Cc1cc(Nc2ccc(C(F)(F)F)cc2)n2ncnc2n1,-4.67778,0.35,chembl,True,True
Cc1cc(SCc2sc(-c3ccc(C(F)(F)F)cc3)nc2C)ccc1OCC(=O)O,-3.60206,0.35,chembl,True,True
Cc1ccc(C(=O)Nc2cccc(C(F)(F)F)c2)cc1-c1ccc2nc(N)ncc2c1,-4.19437,0.35,chembl,True,True
Cc1nc(NC(=O)N2CCC[C@H]2C(N)=O)sc1-c1ccnc(C(C)(C)C(F)(F)F)c1,-4.27572,0.35,chembl,True,True
Cn1c(Cn2ccc(C(F)(F)F)c(Oc3cc(Cl)cc(C#N)c3)c2=O)n[nH]c1=O,-4.85101,0.175,chembl,True,True
Cn1c(Cn2ccc(C(F)(F)F)c(Oc3cc(Cl)cc(C#N)c3)c2=O)n[nH]c1=O,-4.34679,0.0875,chembl,True,True
Cn1c(Cn2ccc(C(F)(F)F)c(Oc3cc(Cl)cc(C#N)c3)c2=O)n[nH]c1=O,-3.51522,0.0875,chembl,True,True
Cn1c(Nc2ccc(C(F)(F)F)cc2)nc2cc(Oc3ccnc(-c4ncc(C(F)(F)F)[nH]4)c3)ccc21,-6.0,0.35,chembl,True,True
FC(F)(F)c1cccc(-c2nnc3ccc(NC4CCCCC4)nn23)c1,-6.52288,0.35,chembl,True,True
NC(=O)[C@@H](CCC(F)(F)F)N(Cc1ccc(-c2ncon2)cc1F)S(=O)(=O)c1ccc(Cl)cc1,-6.01239,0.35,chembl,True,True
NS(=O)(=O)c1ccc(Nc2nccc(-c3cnc4ccccn34)n2)cc1,-5.18709,0.35,chembl,True,True
NS(=O)(=O)c1nc2ccc(O)cc2s1,-2.16911,0.35,chembl,True,True
Nc1cc(C(F)(F)F)c(-c2cc(N3CCOCC3)nc(N3CCOCC3)n2)cn1,-3.95301,0.35,chembl,True,True
Nc1ccccc1C(F)(F)F,0.565156,0.35,chembl,True,True
Nc1nc2ccc(OC(F)(F)F)cc2s1,-3.30103,0.35,chembl,True,True
O=C(NCC1CCOCC1)c1cnc(Nc2ccc(Cl)cc2Cl)nc1C(F)(F)F,-5.35147,0.233333,chembl,True,True
O=C(NCC1CCOCC1)c1cnc(Nc2ccc(Cl)cc2Cl)nc1C(F)(F)F,-4.6525,0.116667,chembl,True,True
O=C(Nc1cccc(C(F)(F)F)c1)Nc1ncc(CCNc2ncnc3ccsc23)s1,-4.30103,0.35,chembl,True,True
O=C(Nc1ccccc1Br)N[C@@H]1CCN(c2ccc(C(F)(F)F)cn2)C1,-3.03064,0.35,chembl,True,True
O=C(O)c1ccc(NC(=O)[C@H](CC2CCCC2)n2cnc(C(F)(F)F)c2)nc1,-3.28067,0.116667,chembl,True,True
O=C(O)c1ccc(NC(=O)[C@H](CC2CCCC2)n2cnc(C(F)(F)F)c2)nc1,-1.97485,0.233333,chembl,True,True
O=C(O)c1ccccc1NC(=O)N1CCC(c2ccccc2C(F)(F)F)CC1,-4.24413,0.35,chembl,True,True
O=C1N(Cc2ccc(C(F)(F)F)o2)c2ccccc2[C@]12COc1cc3c(cc12)OCO3,-1.64159,0.0388889,chembl,True,True
O=C1N(Cc2ccc(C(F)(F)F)o2)c2ccccc2[C@]12COc1cc3c(cc12)OCO3,-0.98208,0.0777778,chembl,True,True
O=C1N(Cc2ccc(C(F)(F)F)o2)c2ccccc2[C@]12COc1cc3c(cc12)OCO3,-0.425077,0.233333,chembl,True,True
O=S(=O)(NCCNC/C=C/c1ccc(Br)cc1)c1cccc2cnccc12,-4.20971,0.35,chembl,True,True
O=[N+]([O-])c1cn2c(n1)OC[C@@H](OCc1ccc(OC(F)(F)F)cc1)C2,-4.39221,0.35,chembl,True,True
CC(=O)Nc1cc(NS(=O)(=O)C(F)(F)F)c(C)cc1C,-3.23893,1.0,esol,True,True
FC(F)(Cl)C(F)(F)Cl,-2.9975,1.0,esol,True,True
FC(F)(F)C(Cl)Br,-1.70786,1.0,esol,True,True
CN(C)c1nc(Cc2ccc(NC(=O)c3ccc(C(F)(F)F)cc3)cc2)nc(N(C)C)c1CC(=O)O,-4.54,1.0,kinect,True,True
CS(=O)(=O)Nc1cccc(Nc2nccc(Nc3c(Cl)ccc4c3OCO4)n2)c1,-5.14,1.0,kinect,True,True
C[C@H](NC1=NC(=O)[C@@](C)(C(F)(F)F)S1)c1ccccc1F,-3.66,1.0,kinect,True,True
NS(=O)(=O)c1ccc(Nc2nccc(-c3cnc4ccccn34)n2)cc1,-5.19,1.0,kinect,True,True
Nc1cc(C(F)(F)F)c(-c2cc(N3CCOCC3)nc(N3CCOCC3)n2)cn1,-4.1,1.0,kinect,True,True
Nc1nc2ccc(OC(F)(F)F)cc2s1,-4.03,1.0,kinect,True,True
O=S(=O)(NCCNC/C=C/c1ccc(Br)cc1)c1cccc2cnccc12,-4.21,1.0,kinect,True,True
CC(=O)Nc1cc(NS(=O)(=O)C(F)(F)F)c(C)cc1C,-3.23918,1.0,ochem,True,True
CC(C)Oc1cccc(NC(=O)c2ccccc2C(F)(F)F)c1,-4.56784,0.925,ochem,True,True
CCOC(=O)CC(=O)C(F)(F)F,-1.36,0.425,ochem,True,True
FC(Cl)C(F)(F)F,-1.96,0.425,ochem,True,True
FC(F)(Br)C(F)(F)Br,-4.94,0.425,ochem,True,True
FC(F)(Cl)C(F)(F)Cl,-3.02603,1.0,ochem,True,True
FC(F)(F)Br,-2.66892,0.925,ochem,True,True
FC(F)(F)C(Cl)Br,-1.70777,1.0,ochem,True,True
FC(F)(F)C(Cl)Cl,-1.86,0.425,ochem,True,True
FC(F)(F)C(F)(Cl)Cl,-3.1,0.425,ochem,True,True
FC(F)(F)C(F)(F)Cl,-3.41513,0.925,ochem,True,True
FC(F)(F)C(F)(F)F,-4.25,0.425,ochem,True,True
FC(F)(F)CCl,-1.11,0.425,ochem,True,True
FC(F)(F)F,-3.67,0.425,ochem,True,True
FC1(F)C(F)(F)C(F)(F)C1(F)F,-3.70324,0.925,ochem,True,True
NS(=O)(=O)c1ccccc1,-1.56109,1.0,ochem,True,True
OCC(F)(F)F,1.0,0.925,ochem,True,True
CC(=O)Nc1cc(NS(=O)(=O)C(F)(F)F)c(C)cc1C,-3.237,1.0,phys,True,True
CC(C)Oc1cccc(NC(=O)c2ccccc2C(F)(F)F)c1,-4.532,1.0,phys,True,True
FC(Br)C(F)(F)F,-1.901,1.0,phys,True,True
FC(F)(Cl)C(F)(F)Cl,-3.119,1.0,phys,True,True
FC(F)(F)Br,-2.668,1.0,phys,True,True
FC(F)(F)C(Cl)Br,-1.704,1.0,phys,True,True
FC(F)(F)C(F)(F)C(F)(F)F,-4.518,1.0,phys,True,True
FC(F)(F)C(F)(F)Cl,-3.411,1.0,phys,True,True
FC(F)(F)Cl,-3.065,1.0,phys,True,True
FC(F)OC(Cl)C(F)(F)F,-1.616,1.0,phys,True,True
FC(F)OC(F)(F)C(F)Cl,-1.516,1.0,phys,True,True
FC1(F)C(F)(F)C(F)(F)C1(F)F,-3.638,1.0,phys,True,True
NS(=O)(=O)c1ccccc1,-1.563,1.0,phys,True,True
OCC(F)(F)F,1.0,1.0,phys,True,True
