seed,record_id,compound_id,endpoint,observed,predicted,uncertainty,ae
42,BIO_5697,CMP_6a78ec62602000d01409,BAF,3.4600000000000004,4.335174538338708,0.3133789993924741,0.8751745383387077
42,BIO_5698,CMP_6a78ec62602000d01409,BAF,3.18,4.443606493822967,0.3461317604808921,1.2636064938229672
42,BIO_5699,CMP_6a78ec62602000d01409,BAF,3.45,4.684938970370455,0.3264336759917967,1.2349389703704547
42,BIO_6010,CMP_83aa37c8a37d61e51382,BAF,3.29,2.285940333380919,0.4729615914937792,1.004059666619081
42,BIO_6011,CMP_83aa37c8a37d61e51382,BAF,1.3,2.2649328588760302,0.5170113901527431,0.9649328588760302
42,BIO_6012,CMP_83aa37c8a37d61e51382,BAF,3.140000000000001,2.6210865077926546,0.4461160209614232,0.5189134922073464
42,BIO_6506,CMP_ba6c40d3726d16919ab2,BAF,5.340000000000001,4.074935255671491,0.2270123012463152,1.2650647443285097
42,BIO_6507,CMP_ba6c40d3726d16919ab2,BAF,5.200000000000001,4.019773935079193,0.2371702476635188,1.1802260649208085
42,BIO_6593,CMP_ba6c40d3726d16919ab2,BAF,3.012837224705172,3.167829663996221,0.2322664970384141,0.1549924392910489
42,BIO_6594,CMP_ba6c40d3726d16919ab2,BAF,3.840733234611807,3.321895426149373,0.1970039965339259,0.5188378084624339
42,BIO_6595,CMP_ba6c40d3726d16919ab2,BAF,3.99563519459755,3.190156094382254,0.2108179226249364,0.8054791002152961
42,BIO_6596,CMP_ba6c40d3726d16919ab2,BAF,4.44870631990508,3.0486894568084404,0.2320417491008909,1.4000168630966394
42,BIO_6597,CMP_ba6c40d3726d16919ab2,BAF,4.429752280002408,3.249032215045328,0.2247003519651706,1.1807200649570797
42,BIO_6598,CMP_ba6c40d3726d16919ab2,BAF,4.515476441382376,3.1166644524992817,0.2302687322813078,1.3988119888830939
42,BIO_6605,CMP_83aa37c8a37d61e51382,BAF,1.0,2.540337768809038,0.3509302178521709,1.5403377688090378
42,BIO_6606,CMP_83aa37c8a37d61e51382,BAF,2.3364597338485296,2.490535102711453,0.3520900558154468,0.1540753688629235
42,BIO_6607,CMP_83aa37c8a37d61e51382,BAF,2.663700925389648,2.7481562249700016,0.3032297344580648,0.08445529958035358
42,BIO_6608,CMP_83aa37c8a37d61e51382,BAF,2.639486489268586,2.4501911196781965,0.4060290513381339,0.1892953695903894
42,BIO_6609,CMP_83aa37c8a37d61e51382,BAF,2.651278013998144,2.685248707226907,0.3603774811293119,0.033970693228762894
42,BIO_6610,CMP_83aa37c8a37d61e51382,BAF,2.8432327780980096,2.5288123579442225,0.361184848480353,0.314420420153787
42,BIO_6642,CMP_6a78ec62602000d01409,BAF,4.471144965160633,4.278763268232718,0.2983158996479436,0.19238169692791462
42,BIO_6643,CMP_6a78ec62602000d01409,BAF,4.121887985103681,4.329444934362727,0.3488095771464404,0.2075569492590459
42,BIO_6644,CMP_6a78ec62602000d01409,BAF,4.685741738602264,4.392288382893057,0.3795517588338458,0.2934533557092074
42,BIO_6645,CMP_6a78ec62602000d01409,BAF,4.318063334962762,4.265970039571206,0.3012230858910937,0.05209329539155583
42,BIO_6646,CMP_6a78ec62602000d01409,BAF,5.035029282202368,4.469598550672223,0.3786495238625113,0.565430731530145
42,BIO_6647,CMP_6a78ec62602000d01409,BAF,5.179551791165188,4.600036483555328,0.3344525641678995,0.57951530760986
42,BIO_6711,CMP_d645aa79f55e85d0da2e,BAF,0.4900000000000001,0.8537415057631026,0.8437221116800628,0.3637415057631025
42,BIO_6712,CMP_d645aa79f55e85d0da2e,BAF,-0.08,0.4232297049926727,0.766819533906356,0.5032297049926727
42,BIO_6725,CMP_ba6c40d3726d16919ab2,BAF,4.430000000000001,4.23159389716156,0.1894450165388493,0.1984061028384403
42,BIO_6726,CMP_ba6c40d3726d16919ab2,BAF,3.9100000000000006,3.8843413311812576,0.1684308420073912,0.025658668818743013
42,BIO_6727,CMP_ba6c40d3726d16919ab2,BAF,3.1700000000000004,3.2253443115671803,0.1704883474495597,0.055344311567179894
42,BIO_6738,CMP_83aa37c8a37d61e51382,BAF,2.56,1.935873815281964,0.6515622237412887,0.6241261847180362
42,BIO_6739,CMP_83aa37c8a37d61e51382,BAF,2.3000000000000003,1.7655274406455388,0.4614067101790176,0.5344725593544615
42,BIO_5944,CMP_d645aa79f55e85d0da2e,BCF,1.73,1.1469553797812857,0.6109507996422575,0.5830446202187143
42,BIO_5945,CMP_d645aa79f55e85d0da2e,BCF,1.7,1.3111469494104373,0.6510854553890432,0.38885305058956265
42,BIO_5946,CMP_d645aa79f55e85d0da2e,BCF,0.75,0.7024521134380415,0.7275700381466188,0.04754788656195852
42,BIO_5947,CMP_d645aa79f55e85d0da2e,BCF,0.67,0.4942516270313491,0.7063967141721027,0.17574837296865092
42,BIO_5948,CMP_d645aa79f55e85d0da2e,BCF,1.02,1.0594810224446345,0.670022607296684,0.03948102244463447
42,BIO_5949,CMP_d645aa79f55e85d0da2e,BCF,1.06,0.8483279657883108,0.6448663224260359,0.21167203421168923
42,BIO_5995,CMP_83aa37c8a37d61e51382,BCF,2.56,2.494756810984451,0.4313738666361564,0.06524318901554915
42,BIO_5996,CMP_83aa37c8a37d61e51382,BCF,2.39,2.417999522030033,0.3820802898521646,0.027999522030032864
42,BIO_5997,CMP_83aa37c8a37d61e51382,BCF,1.69,1.86596450838494,0.4844589126240405,0.17596450838494015
42,BIO_5998,CMP_83aa37c8a37d61e51382,BCF,1.56,1.4983245336664746,0.5940140229803176,0.0616754663335255
42,BIO_5999,CMP_83aa37c8a37d61e51382,BCF,2.74,2.0451151716960903,0.4441713887917446,0.69488482830391
42,BIO_6000,CMP_83aa37c8a37d61e51382,BCF,2.58,2.419678833904188,0.3965034419494266,0.16032116609581193
42,BIO_6495,CMP_ba6c40d3726d16919ab2,BCF,4.14,4.335039358146082,0.1209182265021721,0.1950393581460821
42,BIO_6497,CMP_ba6c40d3726d16919ab2,BCF,3.64,3.647750496525393,0.1236398229048797,0.007750496525392947
42,BIO_6498,CMP_ba6c40d3726d16919ab2,BCF,3.63,3.620314561759972,0.1235503852056279,0.009685438240027988
42,BIO_6499,CMP_ba6c40d3726d16919ab2,BCF,4.31,3.956319358533292,0.0966190160473077,0.3536806414667075
42,BIO_6500,CMP_ba6c40d3726d16919ab2,BCF,3.81,3.814906715088023,0.1209260288668178,0.004906715088023095
43,BIO_5700,CMP_a10d3a5e66ce1fa3df8b,BAF,4.21,3.4677582873586186,0.2205102818517173,0.7422417126413814
43,BIO_5701,CMP_a10d3a5e66ce1fa3df8b,BAF,3.69,3.508326629423485,0.2968070824173561,0.18167337057651478
43,BIO_5702,CMP_a10d3a5e66ce1fa3df8b,BAF,3.9900000000000007,3.462800400221941,0.2636572819127308,0.5271995997780596
43,BIO_6095,CMP_8e58943e0a19095fb6f4,BAF,3.5800000000000005,3.42515665640702,0.1839010880191273,0.15484334359298035
43,BIO_6096,CMP_8e58943e0a19095fb6f4,BAF,3.3500000000000005,3.460245520424929,0.189340830942367,0.11024552042492841
43,BIO_6567,CMP_8e58943e0a19095fb6f4,BAF,1.6812412373755872,2.9515691451687864,0.1224315940275206,1.2703279077931993
43,BIO_6568,CMP_8e58943e0a19095fb6f4,BAF,2.6503075231319366,2.8641828811723253,0.1294060692489912,0.2138753580403887
43,BIO_6569,CMP_8e58943e0a19095fb6f4,BAF,2.7860412102425545,2.891471993902394,0.1359478388032755,0.10543078365983938
43,BIO_6570,CMP_8e58943e0a19095fb6f4,BAF,3.318063334962761,2.882065940209092,0.1053440470373119,0.4359973947536693
43,BIO_6571,CMP_8e58943e0a19095fb6f4,BAF,3.1398790864012365,2.781678030952087,0.1395062642763075,0.3582010554491495
43,BIO_6572,CMP_8e58943e0a19095fb6f4,BAF,3.752816431188272,2.8859256065453582,0.1604264040288302,0.8668908246429137
43,BIO_6707,CMP_622f8f0fcc1502149461,BAF,0.9500000000000002,0.1503734610345643,0.6884049608751731,0.7996265389654359
43,BIO_6708,CMP_622f8f0fcc1502149461,BAF,0.37,-0.1467474041364551,0.6555376238386229,0.516747404136455
43,BIO_6719,CMP_8e58943e0a19095fb6f4,BAF,3.01,3.098738878178158,0.2170419067992948,0.0887388781781584
43,BIO_6720,CMP_8e58943e0a19095fb6f4,BAF,2.42,2.466610702768036,0.23404025911883,0.04661070276803603
43,BIO_6721,CMP_8e58943e0a19095fb6f4,BAF,1.6800000000000002,1.5487978275571177,0.366683470144392,0.13120217244288246
43,BIO_5705,CMP_622f8f0fcc1502149461,BCF,2.15,1.8406046693254552,0.5066080963669262,0.3093953306745447
43,BIO_5706,CMP_622f8f0fcc1502149461,BCF,1.8,1.84064927666276,0.5274983732699073,0.04064927666275997
43,BIO_5707,CMP_622f8f0fcc1502149461,BCF,0.44,1.3168897180792394,0.5797227983128397,0.8768897180792394
43,BIO_5708,CMP_622f8f0fcc1502149461,BCF,1.05,1.3695101982036908,0.5724297543812716,0.31951019820369075
43,BIO_5709,CMP_622f8f0fcc1502149461,BCF,1.06,1.7862095583724245,0.462502021529844,0.7262095583724244
43,BIO_5710,CMP_622f8f0fcc1502149461,BCF,1.3,1.753049082720074,0.5604945299933294,0.45304908272007394
43,BIO_6077,CMP_8e58943e0a19095fb6f4,BCF,3.18,3.4702509636228718,0.1682292461656455,0.2902509636228716
43,BIO_6078,CMP_8e58943e0a19095fb6f4,BCF,3.45,3.4509359943298907,0.1744897228500564,0.0009359943298905549
43,BIO_6079,CMP_8e58943e0a19095fb6f4,BCF,2.64,2.401122847854134,0.1676677632948019,0.23887715214586613
43,BIO_6080,CMP_8e58943e0a19095fb6f4,BCF,2.85,2.348889965788278,0.1900054689995106,0.5011100342117221
43,BIO_6081,CMP_8e58943e0a19095fb6f4,BCF,3.33,3.203619532803316,0.1589941065354141,0.12638046719668417
43,BIO_6082,CMP_8e58943e0a19095fb6f4,BCF,3.37,3.229580021055308,0.1329783244307979,0.14041997894469205
43,BIO_6460,CMP_3626e8f507f7fd0a557c,BCF,5.56,5.182513253609288,0.5810515627492199,0.3774867463907112
43,BIO_6461,CMP_3626e8f507f7fd0a557c,BCF,4.74,5.158011772302998,0.6483368144703774,0.41801177230299746
43,BIO_6462,CMP_3626e8f507f7fd0a557c,BCF,5.22,4.859347290565042,0.4882405323710443,0.36065270943495786
43,BIO_6463,CMP_3626e8f507f7fd0a557c,BCF,4.52,4.775668216598276,0.5395466595823265,0.2556682165982762
43,BIO_6464,CMP_3626e8f507f7fd0a557c,BCF,5.5,5.045923073895405,0.4882269683120845,0.4540769261045954
43,BIO_6465,CMP_3626e8f507f7fd0a557c,BCF,4.34,5.024619014041938,0.5026090490301278,0.6846190140419379
44,BIO_5672,CMP_b7e2eb89ae6c3db4e807,BAF,4.659000000000001,2.8738168303048224,0.3317733305662981,1.7851831696951783
44,BIO_5673,CMP_b7e2eb89ae6c3db4e807,BAF,4.313,2.7585600105314403,0.3454707734624397,1.5544399894685594
44,BIO_5674,CMP_b7e2eb89ae6c3db4e807,BAF,5.217,2.969962551304955,0.2699149507819733,2.247037448695045
44,BIO_5675,CMP_b7e2eb89ae6c3db4e807,BAF,4.398000000000001,2.83331641072016,0.3250211111605339,1.5646835892798405
44,BIO_5676,CMP_b7e2eb89ae6c3db4e807,BAF,4.4830000000000005,2.8692354911667453,0.3070094356886754,1.6137645088332553
44,BIO_5677,CMP_b7e2eb89ae6c3db4e807,BAF,4.693,2.892887846183013,0.3138628259137183,1.8001121538169866
44,BIO_5678,CMP_b7e2eb89ae6c3db4e807,BAF,4.814000000000001,2.921948701407512,0.3013076705544192,1.8920512985924889
44,BIO_5679,CMP_b7e2eb89ae6c3db4e807,BAF,4.958,2.8876083473232548,0.2913406357868198,2.0703916526767454
44,BIO_5680,CMP_b7e2eb89ae6c3db4e807,BAF,4.802,2.7186312556477774,0.2832833324765083,2.083368744352222
44,BIO_5681,CMP_b7e2eb89ae6c3db4e807,BAF,3.835,2.432333772373079,0.3084310088295902,1.4026662276269208
44,BIO_5683,CMP_b7e2eb89ae6c3db4e807,BAF,4.882000000000001,2.7651384581682463,0.3254816458702879,2.1168615418317542
44,BIO_5684,CMP_b7e2eb89ae6c3db4e807,BAF,4.604000000000001,2.8717257961686204,0.3121883521284553,1.7322742038313805
44,BIO_5685,CMP_b7e2eb89ae6c3db4e807,BAF,5.052,2.944425399737097,0.2838139963461275,2.1075746002629026
44,BIO_5686,CMP_b7e2eb89ae6c3db4e807,BAF,4.562000000000001,2.8836431730909755,0.3219288330674703,1.6783568269090257
44,BIO_5687,CMP_b7e2eb89ae6c3db4e807,BAF,4.652000000000001,2.9266250144815253,0.3239683060274239,1.7253749855184757
44,BIO_5688,CMP_b7e2eb89ae6c3db4e807,BAF,4.798,2.8405974486501715,0.3294996083841883,1.9574025513498285
44,BIO_5689,CMP_b7e2eb89ae6c3db4e807,BAF,4.692,2.8481586651552244,0.3335830372987011,1.8438413348447757
44,BIO_5690,CMP_b7e2eb89ae6c3db4e807,BAF,4.814000000000001,2.8379484227664182,0.3176657543179941,1.9760515772335827
44,BIO_5691,CMP_b7e2eb89ae6c3db4e807,BAF,4.710000000000001,2.677657429333792,0.3588672319005477,2.032342570666209
44,BIO_5692,CMP_b7e2eb89ae6c3db4e807,BAF,3.9300000000000006,2.330775889109629,0.3314531658080109,1.5992241108903715
44,BIO_5789,CMP_5bc76544fcbe477197d1,BAF,4.170000000000001,4.666349491629905,0.3219018859907315,0.49634949162990427
44,BIO_5790,CMP_5bc76544fcbe477197d1,BAF,1.84,3.651996843311149,0.2525136215541792,1.8119968433111489
44,BIO_5791,CMP_5bc76544fcbe477197d1,BAF,4.03,4.66982147910103,0.321480325616627,0.6398214791010295
44,BIO_6580,CMP_5bc76544fcbe477197d1,BAF,1.9493900066449128,3.7458326802297495,0.1710110300569557,1.7964426735848367
44,BIO_6581,CMP_5bc76544fcbe477197d1,BAF,3.103803720955957,3.8122373791603215,0.1677970249559217,0.7084336582043647
44,BIO_6582,CMP_5bc76544fcbe477197d1,BAF,3.3502480183341627,3.752705211067636,0.1690786592049728,0.40245719273347325
44,BIO_6583,CMP_5bc76544fcbe477197d1,BAF,3.505149978319906,3.7361836293660073,0.1648283177884282,0.23103365104610152
44,BIO_6584,CMP_5bc76544fcbe477197d1,BAF,3.45484486000851,3.771320805269506,0.1546418322436631,0.31647594526099576
44,BIO_6585,CMP_5bc76544fcbe477197d1,BAF,3.8674674878590514,3.802390838754488,0.1662020918760783,0.06507664910456334
44,BIO_6701,CMP_e6f2a6db0d8b9474c050,BAF,0.8600000000000001,1.3047802754674835,0.4238352756566267,0.44478027546748344
44,BIO_6702,CMP_e6f2a6db0d8b9474c050,BAF,0.5000000000000001,0.8477492694656736,0.4982571292353761,0.3477492694656735
44,BIO_6703,CMP_e6f2a6db0d8b9474c050,BAF,0.6100000000000001,0.3579381449393893,0.4555513342543489,0.2520618550606108
44,BIO_6722,CMP_5bc76544fcbe477197d1,BAF,3.9,3.940783317102653,0.213732099959036,0.04078331710265326
44,BIO_6723,CMP_5bc76544fcbe477197d1,BAF,3.390000000000001,2.959267408737337,0.3319492442355927,0.43073259126266406
44,BIO_6724,CMP_5bc76544fcbe477197d1,BAF,2.64,1.9973031935754637,0.3566403715619366,0.6426968064245364
44,BIO_6728,CMP_812738d2ca27e93d42c8,BAF,4.7700000000000005,4.65626819842654,0.3685823782993577,0.11373180157346052
44,BIO_6729,CMP_812738d2ca27e93d42c8,BAF,4.32,4.174807503261189,0.2710665741839326,0.14519249673881163
44,BIO_6730,CMP_812738d2ca27e93d42c8,BAF,3.620000000000001,3.90591129485236,0.2401076565203103,0.285911294852359
44,BIO_6745,CMP_b7e2eb89ae6c3db4e807,BAF,4.03,2.9798264247008563,0.2899525038801607,1.050173575299144
44,BIO_6746,CMP_b7e2eb89ae6c3db4e807,BAF,3.8,2.792881528172591,0.2561230349270519,1.0071184718274089
44,BIO_6747,CMP_b7e2eb89ae6c3db4e807,BAF,2.91,2.469649609351541,0.3077656421871912,0.44035039064845893
44,BIO_5771,CMP_5bc76544fcbe477197d1,BCF,4.04,3.924924331035608,0.2208041873696397,0.11507566896439192
44,BIO_5772,CMP_5bc76544fcbe477197d1,BCF,4.36,3.834842062788343,0.2434092870426996,0.5251579372116573
44,BIO_5773,CMP_5bc76544fcbe477197d1,BCF,3.41,3.363761925387962,0.2235478239646133,0.046238074612038105
44,BIO_5774,CMP_5bc76544fcbe477197d1,BCF,3.79,3.357927087335995,0.1990085905576168,0.43207291266400505
44,BIO_5775,CMP_5bc76544fcbe477197d1,BCF,4.0,3.649416222525309,0.1971623788845524,0.35058377747469116
44,BIO_5776,CMP_5bc76544fcbe477197d1,BCF,3.99,3.754071206617105,0.2254552753215613,0.2359287933828953
44,BIO_5862,CMP_812738d2ca27e93d42c8,BCF,4.95,4.279598416547192,0.3176401250234668,0.6704015834528079
44,BIO_5863,CMP_812738d2ca27e93d42c8,BCF,4.66,4.244546629672205,0.2838275260275371,0.4154533703277954
44,BIO_5864,CMP_812738d2ca27e93d42c8,BCF,3.77,3.868401487605115,0.2238305801499779,0.09840148760511491
44,BIO_5865,CMP_812738d2ca27e93d42c8,BCF,3.66,3.8796714098192018,0.2569771971472089,0.21967140981920164
44,BIO_5866,CMP_812738d2ca27e93d42c8,BCF,4.33,4.262506993257485,0.3178296634488002,0.0674930067425148
44,BIO_5867,CMP_812738d2ca27e93d42c8,BCF,3.65,4.153724073623103,0.2806376477914791,0.5037240736231028
