seed,endpoint,nominal,calibration_compounds,test_compounds,test_records,rank,radius_multiplier,record_coverage,chemical_bundle_coverage,mean_width,finite
42,BAF,0.5,9,4,33,5,2.561314511666384,0.6666666666666666,0.25,1.806896214675842,True
42,BAF,0.8,9,4,33,8,4.89138567391046,0.8484848484848485,0.75,3.45066028340203,True
42,BAF,0.9,9,4,33,9,9.03083146883496,1.0,1.0,6.370859619967979,True
42,BAF,0.95,9,4,33,10,inf,1.0,1.0,inf,False
42,BCF,0.5,4,3,17,3,1.9875663019160223,0.9411764705882352,0.6666666666666666,1.7137842674865051,True
42,BCF,0.8,4,3,17,4,2.6569095821600155,0.9411764705882352,0.6666666666666666,2.290927270023904,True
42,BCF,0.9,4,3,17,5,inf,1.0,1.0,inf,False
42,BCF,0.95,4,3,17,5,inf,1.0,1.0,inf,False
43,BAF,0.5,8,3,16,5,1.8363539812427672,0.625,0.3333333333333333,0.9431943303076988,True
43,BAF,0.8,8,3,16,8,8.240688541948215,0.9375,0.6666666666666666,4.232610264681663,True
43,BAF,0.9,8,3,16,9,inf,1.0,1.0,inf,False
43,BAF,0.95,8,3,16,9,inf,1.0,1.0,inf,False
43,BCF,0.5,5,3,18,3,2.664964118906564,1.0,1.0,2.205889047385101,True
43,BCF,0.8,5,3,18,5,4.522636132809545,1.0,1.0,3.743552657949488,True
43,BCF,0.9,5,3,18,6,inf,1.0,1.0,inf,False
43,BCF,0.95,5,3,18,6,inf,1.0,1.0,inf,False
44,BAF,0.5,8,4,41,5,4.908599481425311,0.5609756097560976,0.5,2.9257367295845262,True
44,BAF,0.8,8,4,41,8,8.367434285515431,0.975609756097561,0.75,4.9873512626474925,True
44,BAF,0.9,8,4,41,9,inf,1.0,1.0,inf,False
44,BAF,0.95,8,4,41,9,inf,1.0,1.0,inf,False
44,BCF,0.5,6,2,12,4,4.503625615725695,1.0,1.0,2.244404555942688,True
44,BCF,0.8,6,2,12,6,5.620530781461841,1.0,1.0,2.8010198824434003,True
44,BCF,0.9,6,2,12,7,inf,1.0,1.0,inf,False
44,BCF,0.95,6,2,12,7,inf,1.0,1.0,inf,False
