mode,panel_label,endpoint,model,chemical_MAE,low,high,compounds
source_transfer,Hayman_whole_body_BCF,BCF,extra_trees,1.2808963892138263,0.902952201703732,1.6174998492153998,9
source_transfer,Hayman_whole_body_BCF,BCF,full_multitask,1.6778857676797525,1.2196258634423847,2.094044092307101,9
source_transfer,Hayman_whole_body_BCF,BCF,structure_context,1.5883301404732382,1.096286516612054,1.9991063445457944,9
source_transfer,Pickard2024,BAF,extra_trees,0.8069478380083739,0.5165690930039094,1.1495169691230545,19
source_transfer,Pickard2024,BAF,full_multitask,0.9416458461327517,0.7089486564975981,1.2143812048193863,19
source_transfer,Pickard2024,BAF,structure_context,0.9316477996215312,0.692151058274352,1.200148697513446,19
source_transfer,Sims2025,BAF,extra_trees,1.279344158384657,0.9960915296431377,1.565254353893719,19
source_transfer,Sims2025,BAF,full_multitask,1.462630701509801,1.2021774376236376,1.7207722183380318,19
source_transfer,Sims2025,BAF,structure_context,1.5044797753268917,1.2514957132546858,1.7705908102565797,19
source_transfer,Yao_liver_BCF,BCF,extra_trees,0.9084320856757055,0.7643394650952108,1.0581323936804172,18
source_transfer,Yao_liver_BCF,BCF,full_multitask,0.8708469864618744,0.6942951896148256,1.0377324414420088,18
source_transfer,Yao_liver_BCF,BCF,structure_context,0.9457871256661767,0.7984999111414579,1.097530146477803,18
strict_chemical_out,Hayman_whole_body_BCF,BCF,extra_trees,1.331052911840114,0.8895805051376303,1.7335621091424012,9
strict_chemical_out,Hayman_whole_body_BCF,BCF,full_multitask,1.6612111811344221,1.0300042900716093,2.2359155263399937,9
strict_chemical_out,Hayman_whole_body_BCF,BCF,structure_context,1.5774339029709585,1.009622141768329,2.1183850199028043,9
strict_chemical_out,Pickard2024,BAF,extra_trees,0.8578130828858174,0.5765355688262433,1.183938334580967,19
strict_chemical_out,Pickard2024,BAF,full_multitask,0.8755040540211032,0.6574605485925211,1.1291099205168957,19
strict_chemical_out,Pickard2024,BAF,structure_context,0.9217620172950888,0.6840178472917159,1.1945809639898342,19
strict_chemical_out,Sims2025,BAF,extra_trees,1.3017214523992933,1.0595700199697777,1.5454248549899279,19
strict_chemical_out,Sims2025,BAF,full_multitask,1.4313943997566527,1.141135672376181,1.7085983620958072,19
strict_chemical_out,Sims2025,BAF,structure_context,1.4159956472147102,1.1320490375802181,1.6989433000925684,19
strict_chemical_out,Yao_liver_BCF,BCF,extra_trees,0.860736122134039,0.6796649801931772,1.0341294436521717,18
strict_chemical_out,Yao_liver_BCF,BCF,full_multitask,0.8227236925976678,0.6467816319091837,0.9998907062940249,18
strict_chemical_out,Yao_liver_BCF,BCF,structure_context,0.8694105792217595,0.6807141333584309,1.04547852783388,18
