mode,panel_label,endpoint,comparator,n,chemicals,delta,low,high
source_transfer,Hayman_whole_body_BCF,BCF,structure_context,27,9,0.08955562720651425,0.061262298498338495,0.11970406609883696
source_transfer,Hayman_whole_body_BCF,BCF,extra_trees,27,9,0.39698937846592647,0.2848419269179453,0.5122469545518884
source_transfer,Pickard2024,BAF,structure_context,181,19,0.00999804651122042,-0.008750545125476154,0.02728278432762666
source_transfer,Pickard2024,BAF,extra_trees,181,19,0.13469800812437774,-0.05497169726236361,0.32021070382239697
source_transfer,Sims2025,BAF,structure_context,57,19,-0.04184907381709049,-0.07506905802316637,-0.008898837521463596
source_transfer,Sims2025,BAF,extra_trees,57,19,0.18328654312514428,0.05035107955456741,0.336653000819322
source_transfer,Yao_liver_BCF,BCF,structure_context,18,18,-0.07494013920430237,-0.11064734469637878,-0.04078656550288222
source_transfer,Yao_liver_BCF,BCF,extra_trees,18,18,-0.037585099213831165,-0.1612088555071822,0.07257668710233599
strict_chemical_out,Hayman_whole_body_BCF,BCF,structure_context,27,9,0.08377727816346353,0.010317504714235383,0.1594698001324334
strict_chemical_out,Hayman_whole_body_BCF,BCF,extra_trees,27,9,0.33015826929430797,0.12619963568869338,0.5355887622720914
strict_chemical_out,Pickard2024,BAF,structure_context,181,19,-0.04625796327398538,-0.08579063763725973,-0.007683684814641946
strict_chemical_out,Pickard2024,BAF,extra_trees,181,19,0.017690971135285966,-0.18969441624010733,0.22917761154133198
strict_chemical_out,Sims2025,BAF,structure_context,57,19,0.015398752541942694,-0.023663470713351075,0.05432148532792098
strict_chemical_out,Sims2025,BAF,extra_trees,57,19,0.1296729473573598,-0.04014803252591536,0.3059922825925741
strict_chemical_out,Yao_liver_BCF,BCF,structure_context,18,18,-0.04668688662409164,-0.09783400438302403,0.015644957784128843
strict_chemical_out,Yao_liver_BCF,BCF,extra_trees,18,18,-0.03801242953637125,-0.15813072990081192,0.07023173720138232
