mode,panel_label,model,endpoint,n,chemicals,studies,MAE,chemical_MAE,RMSE,R2,rho
source_transfer,Hayman_whole_body_BCF,extra_trees,BCF,27,9,1,1.2808963892138256,1.2808963892138263,1.3964579409958202,0.07583020255207862,0.9281909617845142
source_transfer,Hayman_whole_body_BCF,full_multitask,BCF,27,9,1,1.6778857676797527,1.6778857676797527,1.8164339634728963,-0.5636346245766721,0.8601953601953601
source_transfer,Hayman_whole_body_BCF,structure_context,BCF,27,9,1,1.5883301404732382,1.5883301404732382,1.7340522563532303,-0.42501820723726325,0.8784664459746295
source_transfer,Pickard2024,extra_trees,BAF,181,19,1,0.7307814703536144,0.8069478380083739,1.0088686238184996,-0.14868841394274934,0.47841436137201365
source_transfer,Pickard2024,full_multitask,BAF,181,19,1,0.7566901135687779,0.9416458461327517,0.9633553507598499,-0.047384246413483044,0.5566759004212912
source_transfer,Pickard2024,structure_context,BAF,181,19,1,0.7485310602232372,0.9316477996215312,0.958019168476867,-0.035813118538881916,0.5743137368509675
source_transfer,Sims2025,extra_trees,BAF,57,19,1,1.2793441583846568,1.279344158384657,1.4307721339363833,-0.8950932938490861,0.858200405795719
source_transfer,Sims2025,full_multitask,BAF,57,19,1,1.462630701509801,1.462630701509801,1.580960508032704,-1.313831299466902,0.8774306455794659
source_transfer,Sims2025,structure_context,BAF,57,19,1,1.5044797753268917,1.5044797753268917,1.6152080404015234,-1.4151637643542951,0.8739704223269015
source_transfer,Yao_liver_BCF,extra_trees,BCF,18,18,1,0.9084320856757055,0.9084320856757055,0.9650406087022902,-0.1861082508687173,0.9463364293085655
source_transfer,Yao_liver_BCF,full_multitask,BCF,18,18,1,0.8708469864618744,0.8708469864618743,0.9461835212910854,-0.1402075429502787,0.8885448916408669
source_transfer,Yao_liver_BCF,structure_context,BCF,18,18,1,0.9457871256661766,0.9457871256661767,1.002002714125808,-0.27870671341427933,0.9360165118679051
strict_chemical_out,Hayman_whole_body_BCF,extra_trees,BCF,27,9,1,1.3310529118401138,1.331052911840114,1.4988175818147769,-0.06461752069005677,0.8453167687680397
strict_chemical_out,Hayman_whole_body_BCF,full_multitask,BCF,27,9,1,1.6612111811344221,1.6612111811344221,1.8954484795469273,-0.7026289753749861,0.9023199023199022
strict_chemical_out,Hayman_whole_body_BCF,structure_context,BCF,27,9,1,1.5774339029709583,1.5774339029709585,1.7965578445073571,-0.5296020648249999,0.9116161231812193
strict_chemical_out,Pickard2024,extra_trees,BAF,181,19,1,0.8027794382574875,0.8578130828858174,1.0480187921145308,-0.23957026500460676,0.3884936337867446
strict_chemical_out,Pickard2024,full_multitask,BAF,181,19,1,0.7081176861611337,0.8755040540211032,0.8878694886230152,0.1103252329697707,0.5963789070468942
strict_chemical_out,Pickard2024,structure_context,BAF,181,19,1,0.7587266017475786,0.9217620172950888,0.9567097230494265,-0.03298350122952587,0.5528406290282054
strict_chemical_out,Sims2025,extra_trees,BAF,57,19,1,1.3017214523992928,1.3017214523992933,1.4162624892432982,-0.8568514190838292,0.8527490420565448
strict_chemical_out,Sims2025,full_multitask,BAF,57,19,1,1.431394399756653,1.431394399756653,1.5671814065778398,-1.2736739677600557,0.8563002333419757
strict_chemical_out,Sims2025,structure_context,BAF,57,19,1,1.4159956472147104,1.4159956472147102,1.5559989574029074,-1.2413426320574454,0.8463242205068036
strict_chemical_out,Yao_liver_BCF,extra_trees,BCF,18,18,1,0.860736122134039,0.860736122134039,0.9414373734062383,-0.12879744975210206,0.9133126934984519
strict_chemical_out,Yao_liver_BCF,full_multitask,BCF,18,18,1,0.8227236925976679,0.8227236925976678,0.9100026244550306,-0.05467448400992292,0.9009287925696594
strict_chemical_out,Yao_liver_BCF,structure_context,BCF,18,18,1,0.8694105792217595,0.8694105792217595,0.955055479307677,-0.16169026661010966,0.8988648090815273
