task,endpoint,train_records,train_compounds,test_records,test_compounds,supported
chemical_42_0,BAF,122,14,25,3,True
chemical_42_0,BCF,58,10,11,2,True
chemical_42_1,BAF,115,12,32,5,True
chemical_42_1,BCF,52,9,17,3,True
chemical_42_2,BAF,89,13,58,4,True
chemical_42_2,BCF,51,9,18,3,True
chemical_42_3,BAF,140,15,7,2,True
chemical_42_3,BCF,57,10,12,2,True
chemical_42_4,BAF,122,14,25,3,True
chemical_42_4,BCF,58,10,11,2,True
chemical_43_0,BAF,121,14,26,3,True
chemical_43_0,BCF,51,9,18,3,True
chemical_43_1,BAF,142,15,5,2,True
chemical_43_1,BCF,57,10,12,2,True
chemical_43_2,BAF,111,12,36,5,True
chemical_43_2,BCF,47,8,22,4,True
chemical_43_3,BAF,95,13,52,4,True
chemical_43_3,BCF,52,9,17,3,True
chemical_43_4,BAF,119,14,28,3,True
chemical_43_4,BCF,69,12,0,0,False
chemical_44_0,BAF,104,12,43,5,True
chemical_44_0,BCF,52,9,17,3,True
chemical_44_1,BAF,100,14,47,3,True
chemical_44_1,BCF,57,10,12,2,True
chemical_44_2,BAF,121,13,26,4,True
chemical_44_2,BCF,63,11,6,1,True
chemical_44_3,BAF,124,15,23,2,True
chemical_44_3,BCF,52,9,17,3,True
chemical_44_4,BAF,139,14,8,3,True
chemical_44_4,BCF,52,9,17,3,True
study_95b90c88,BAF,147,17,0,0,False
study_95b90c88,BCF,0,0,69,12,False
study_c6c948e0,BAF,107,17,40,2,True
study_c6c948e0,BCF,69,12,0,0,False
study_e8fb8612,BAF,120,15,27,10,True
study_e8fb8612,BCF,69,12,0,0,False
study_06bc92a9,BAF,111,11,36,14,True
study_06bc92a9,BCF,69,12,0,0,False
study_7b661dcc,BAF,105,17,42,7,True
study_7b661dcc,BCF,69,12,0,0,False
study_a48b9203,BAF,145,17,2,2,True
study_a48b9203,BCF,69,12,0,0,False
final_similarity70_0,BAF,86,8,61,9,True
final_similarity70_0,BCF,17,3,52,9,True
final_similarity70_1,BAF,144,16,3,1,True
final_similarity70_1,BCF,69,12,0,0,False
final_similarity70_2,BAF,102,14,45,3,True
final_similarity70_2,BCF,52,9,17,3,True
final_similarity70_3,BAF,138,16,9,1,True
final_similarity70_3,BCF,69,12,0,0,False
final_similarity70_4,BAF,144,16,3,1,True
final_similarity70_4,BCF,69,12,0,0,False
final_similarity70_5,BAF,124,16,23,1,True
final_similarity70_5,BCF,69,12,0,0,False
final_similarity70_6,BAF,144,16,3,1,True
final_similarity70_6,BCF,69,12,0,0,False
