task,design,train_compounds,test_compounds,biological_intersection,source_intersection,silver_intersection_before,silver_intersection_after,auxiliary_intersection_before,auxiliary_intersection_after
final_primary216_chemical_42_0,chemical,16,3,0,4,0,0,2,0
final_primary216_chemical_42_1,chemical,14,5,0,4,0,0,4,0
final_primary216_chemical_42_2,chemical,15,4,0,6,0,0,4,0
final_primary216_chemical_42_3,chemical,16,3,0,3,0,0,3,0
final_primary216_chemical_42_4,chemical,15,4,0,5,0,0,3,0
final_primary216_chemical_43_0,chemical,15,4,0,4,0,0,3,0
final_primary216_chemical_43_1,chemical,16,3,0,2,0,0,2,0
final_primary216_chemical_43_2,chemical,14,5,0,5,0,0,5,0
final_primary216_chemical_43_3,chemical,15,4,0,6,0,0,4,0
final_primary216_chemical_43_4,chemical,16,3,0,3,0,0,2,0
final_primary216_chemical_44_0,chemical,14,5,0,6,0,0,4,0
final_primary216_chemical_44_1,chemical,16,3,0,6,0,0,2,0
final_primary216_chemical_44_2,chemical,15,4,0,4,0,0,3,0
final_primary216_chemical_44_3,chemical,16,3,0,4,0,0,3,0
final_primary216_chemical_44_4,chemical,15,4,0,3,0,0,4,0
final_primary216_study_95b90c88,study,17,12,10,0,0,0,12,10
final_primary216_study_c6c948e0,study,19,2,2,0,0,0,1,1
final_primary216_study_e8fb8612,study,17,10,8,0,0,0,9,8
final_primary216_study_06bc92a9,study,17,14,12,0,0,0,12,11
final_primary216_study_7b661dcc,study,19,7,7,0,0,0,7,7
final_primary216_study_a48b9203,study,19,2,2,0,0,0,2,2
final_similarity70_0,similarity70_cluster_0,8,11,0,5,0,0,11,0
final_similarity70_1,similarity70_cluster_1,18,1,0,1,0,0,1,0
final_similarity70_2,similarity70_cluster_2,16,3,0,6,0,0,3,0
final_similarity70_3,similarity70_cluster_3,18,1,0,2,0,0,1,0
final_similarity70_4,similarity70_cluster_4,18,1,0,1,0,0,0,0
final_similarity70_5,similarity70_cluster_5,18,1,0,2,0,0,0,0
final_similarity70_6,similarity70_cluster_6,18,1,0,1,0,0,0,0
