design,endpoint,model,chemical_MAE,low,high,compounds
chemical,BAF,extra_trees_structure_context,0.556663687437956,0.41133959878906257,0.7148481026830082,17
chemical,BAF,full_multitask,0.511007612898691,0.37047855726885914,0.6961796321503415,17
chemical,BAF,full_single_task,0.5354469693696648,0.3866474384967474,0.7498660766363213,17
chemical,BAF,hist_gradient_structure_context,0.6103762213473495,0.47855011350802973,0.7372363683431713,17
chemical,BAF,nearest_chemical_context,1.4220659823761022,0.9491506136182959,1.9398291024366543,17
chemical,BAF,shuffled_auxiliary_labels,0.6204325216107492,0.4296765392272293,0.8503603907091387,17
chemical,BAF,simple_graph_context,0.6445380560325006,0.47135080422613695,0.8645377084870719,17
chemical,BAF,structure_context,0.555340301906626,0.40468383782468353,0.7443092336875007,17
chemical,BAF,transport_context,0.4932563580173607,0.37295361699445234,0.6136840594566842,17
chemical,BCF,extra_trees_structure_context,0.4204687930583116,0.32755986498205386,0.5090768929294803,12
chemical,BCF,full_multitask,0.42319159060426753,0.3157275310239674,0.5333874743875867,12
chemical,BCF,full_single_task,0.4338372389135332,0.29823584401827363,0.5674447155989079,12
chemical,BCF,hist_gradient_structure_context,0.6292600769397677,0.48309708430264814,0.7895293311295776,12
chemical,BCF,nearest_chemical_context,1.1087962962962965,0.6997118055555556,1.5810942129629628,12
chemical,BCF,shuffled_auxiliary_labels,0.4788464821051542,0.32437501326082296,0.6378995243475437,12
chemical,BCF,simple_graph_context,0.5170934827327729,0.3794778596012681,0.6832038799778177,12
chemical,BCF,structure_context,0.4295168185884837,0.32725467226697136,0.5294599571921467,12
chemical,BCF,transport_context,0.5088525178660649,0.3907244858348178,0.6325634175184125,12
study,BAF,extra_trees_structure_context,0.9845231163999779,0.7452174103706259,1.2436107398227405,17
study,BAF,full_multitask,1.1447466287882406,0.8413275588428752,1.4778819918691273,17
study,BAF,full_single_task,0.639057631518384,0.5110842086850755,0.7776599832282126,17
study,BAF,hist_gradient_structure_context,1.0123975845619022,0.7945715246198632,1.2445062861013443,17
study,BAF,nearest_chemical_context,1.279215788089121,0.9270373332315595,1.6870922894964313,17
study,BAF,shuffled_auxiliary_labels,1.1658353493547502,0.8085699304589122,1.5411188559592772,17
study,BAF,simple_graph_context,0.8940256371523608,0.6947642506397117,1.1176094662904141,17
study,BAF,structure_context,1.124003727362593,0.8387582353527191,1.4234622334379945,17
study,BAF,transport_context,1.3181408003764925,0.9068122637677898,1.7717485524133028,17
