cohort,design,model,endpoint,seed,n,chemicals,studies,MAE,chemical_MAE,RMSE,R2,rho
primary216,chemical,extra_trees_structure_context,BAF,42,147,17,5,0.7067100615110131,0.5888867606194407,0.8885587618017706,0.5252955718399176,0.44767875691303216
primary216,chemical,extra_trees_structure_context,BAF,43,147,17,5,0.7157973129590594,0.6149357587439079,0.9155787266959465,0.49598627584245547,0.4542277761215373
primary216,chemical,extra_trees_structure_context,BAF,44,147,17,5,0.6824790264606845,0.5762094392396502,0.8771719105634467,0.5373842574676719,0.5514914200532284
primary216,chemical,extra_trees_structure_context,BCF,42,69,12,1,0.45290969795979985,0.449490970672123,0.5299018870677469,0.8440990885591284,0.9228577185846069
primary216,chemical,extra_trees_structure_context,BCF,43,69,12,1,0.5216419001250866,0.5250206834904104,0.6088653896800749,0.7941739699708129,0.8825146327701134
primary216,chemical,extra_trees_structure_context,BCF,44,69,12,1,0.4062364831349207,0.40527865875082664,0.5156287642623149,0.8523844888223063,0.9295044904619808
primary216,chemical,full_multitask,BAF,42,147,17,5,0.7702141582059009,0.5322864570685325,1.0445969197930567,0.34393260121653335,0.5064578983084694
primary216,chemical,full_multitask,BAF,43,147,17,5,0.6310608846034976,0.546933278179581,0.8085749782556146,0.606910384352778,0.708920919472968
primary216,chemical,full_multitask,BAF,44,147,17,5,0.7602310518448601,0.5046703759760833,0.9575945790710795,0.44866656150406814,0.6505141290192883
primary216,chemical,full_multitask,BCF,42,69,12,1,0.3733956722242559,0.3736965553176175,0.47639722234316667,0.8739925672960602,0.9479886008739327
primary216,chemical,full_multitask,BCF,43,69,12,1,0.5455819544465589,0.5503000359059161,0.671680231334043,0.7495143475811321,0.9014213166892443
primary216,chemical,full_multitask,BCF,44,69,12,1,0.4962784427254651,0.49825358553131016,0.5913278045474306,0.805860314182774,0.9090759624614626
primary216,chemical,full_single_task,BAF,42,147,17,5,0.7696018526212066,0.5447926924024262,1.0344403555213293,0.3566284012276111,0.524144275378903
primary216,chemical,full_single_task,BAF,43,147,17,5,0.7325531490306493,0.5894361287721774,1.025374138621919,0.3678564732630081,0.570561806485574
primary216,chemical,full_single_task,BAF,44,147,17,5,0.8272939336185088,0.5782881306608117,1.0206843110913413,0.37362580993813277,0.6741696347389337
primary216,chemical,full_single_task,BCF,42,69,12,1,0.3420790130779198,0.33945483778772173,0.4259589998353665,0.8992620011855814,0.9574153245456858
primary216,chemical,full_single_task,BCF,43,69,12,1,0.6152792459970405,0.6215485315489636,0.790624762576159,0.6529448072348132,0.8372428665751568
primary216,chemical,full_single_task,BCF,44,69,12,1,0.4905419509148583,0.4882129562764694,0.5869686868519505,0.8087120605798596,0.9058606458602443
primary216,chemical,hist_gradient_structure_context,BAF,42,147,17,5,0.6595414181710669,0.6144644911669161,0.8258678361177976,0.5899167027257974,0.5886846924089866
primary216,chemical,hist_gradient_structure_context,BAF,43,147,17,5,0.6905821320011626,0.6140545095305503,0.8249608852696194,0.5908168980298669,0.6726824888444176
primary216,chemical,hist_gradient_structure_context,BAF,44,147,17,5,0.6584557378143872,0.6318425218961188,0.8113374615159981,0.6042198275136446,0.5842072175763694
primary216,chemical,hist_gradient_structure_context,BCF,42,69,12,1,0.7059204765565439,0.706751704033679,0.8454821698024316,0.6031132241804434,0.7332355386302052
primary216,chemical,hist_gradient_structure_context,BCF,43,69,12,1,0.7103664756528069,0.7116438046087237,0.8844810119597574,0.565655076663823,0.7174979951389275
primary216,chemical,hist_gradient_structure_context,BCF,44,69,12,1,0.5876432937737148,0.5916446963224468,0.7062198635950012,0.7230906760892963,0.790938081344936
primary216,chemical,nearest_chemical_context,BAF,42,147,17,5,1.5042550566377413,1.492322015399907,1.8211170068476898,-0.9940069875038258,0.34453990844732063
primary216,chemical,nearest_chemical_context,BAF,43,147,17,5,1.426796161369549,1.3908062775540164,1.7524267674993501,-0.8464210047155611,0.3508370727201118
primary216,chemical,nearest_chemical_context,BAF,44,147,17,5,1.7740199499894345,1.5459945964482085,2.0729407959660433,-1.5835970077352681,0.31194485860041476
primary216,chemical,nearest_chemical_context,BCF,42,69,12,1,1.2052173913043478,1.1981111111111111,1.4461392880976958,-0.16112231600122473,0.3364811588333864
primary216,chemical,nearest_chemical_context,BCF,43,69,12,1,1.1365217391304347,1.1322777777777777,1.4030773631402231,-0.09300200288625549,0.4161918147703286
primary216,chemical,nearest_chemical_context,BCF,44,69,12,1,1.2123188405797103,1.2065000000000001,1.4886619806905876,-0.23041018060961216,0.46633977476148253
primary216,chemical,shuffled_auxiliary_labels,BAF,42,147,17,5,0.877394378495849,0.6195316143686019,1.1565650156842606,0.19574998357382034,0.36133440250688964
primary216,chemical,shuffled_auxiliary_labels,BAF,43,147,17,5,0.8996159450809134,0.7285180528967827,1.0995737911360544,0.2730580444341405,0.6080993142441614
primary216,chemical,shuffled_auxiliary_labels,BAF,44,147,17,5,0.7802386320930205,0.6115778592912785,0.9692538757418512,0.43515918866440517,0.6327597492174082
primary216,chemical,shuffled_auxiliary_labels,BCF,42,69,12,1,0.5050045373737687,0.5063511048429633,0.6056857941249538,0.7963180718863062,0.9088932740182116
primary216,chemical,shuffled_auxiliary_labels,BCF,43,69,12,1,0.5479859639390999,0.5592971685215843,0.7036598430278486,0.7250946092682056,0.890587892004458
primary216,chemical,shuffled_auxiliary_labels,BCF,44,69,12,1,0.5393682141652433,0.5376914499037694,0.6413532584886488,0.7716230160667688,0.897274289027446
primary216,chemical,simple_graph_context,BAF,42,147,17,5,0.7445636554556596,0.6389338124218654,0.9754557098861745,0.42790772160988966,0.5462348373522038
primary216,chemical,simple_graph_context,BAF,43,147,17,5,0.7741843800772287,0.6543726859824371,1.0259782047400663,0.367111439911493,0.5059906385405315
primary216,chemical,simple_graph_context,BAF,44,147,17,5,0.7924836777541152,0.6534823905527849,1.0688792228250035,0.31307670252299946,0.4625443362368334
primary216,chemical,simple_graph_context,BCF,42,69,12,1,0.4814803902308146,0.48041249622239013,0.5860074132126085,0.8093380888106736,0.9350803942942881
primary216,chemical,simple_graph_context,BCF,43,69,12,1,0.5492334208281145,0.5550424854490492,0.6836247521527246,0.7405263387811003,0.8961194726300886
primary216,chemical,simple_graph_context,BCF,44,69,12,1,0.544911373179892,0.5462449757258097,0.6619216111718934,0.7567399210786341,0.89712549992024
primary216,chemical,structure_context,BAF,42,147,17,5,0.7377861634484848,0.5391512348901242,0.9685821047266031,0.4359418777044133,0.533339083706978
primary216,chemical,structure_context,BAF,43,147,17,5,0.7053514018228224,0.595961634715816,0.9059971138233308,0.5064801741964733,0.6346401884954748
primary216,chemical,structure_context,BAF,44,147,17,5,0.8191876475882248,0.5688597562288448,1.0382353434224678,0.35189914628067964,0.5878564727070805
primary216,chemical,structure_context,BCF,42,69,12,1,0.3791194368913187,0.37848630335011363,0.460877523254691,0.8820687834460254,0.9467942548884494
primary216,chemical,structure_context,BCF,43,69,12,1,0.5257785430323817,0.5266408941660933,0.6390495707993782,0.7732606919312596,0.9001581047538165
primary216,chemical,structure_context,BCF,44,69,12,1,0.4863242482934304,0.48709619385913666,0.6019901355147812,0.7987960643340972,0.8993540331997713
primary216,chemical,transport_context,BAF,42,147,17,5,0.5946140890557771,0.5078061007395681,0.7790627523002815,0.6350815199726776,0.7796135367413546
primary216,chemical,transport_context,BAF,43,147,17,5,0.6035623258416488,0.6069703834330338,0.7697841556004626,0.6437220775180972,0.7450209250473624
primary216,chemical,transport_context,BAF,44,147,17,5,0.8319322163489988,0.5473070311475396,1.0345568096393192,0.3564835354767908,0.7271097611702022
primary216,chemical,transport_context,BCF,42,69,12,1,0.5156831404008201,0.5114272912656759,0.6600920526736072,0.7580828096136676,0.8878110276670423
primary216,chemical,transport_context,BCF,43,69,12,1,0.563352110821979,0.5664082438439054,0.6948294495526187,0.7319510215372722,0.8980233116447752
primary216,chemical,transport_context,BCF,44,69,12,1,0.7158090137420462,0.7099063115960459,0.8697774235947241,0.579976119093406,0.7805729114786865
primary216,study,extra_trees_structure_context,BAF,42,147,17,5,0.7655422670855156,0.9845231163999779,0.9422181282783568,0.46623033656984514,0.6652834150543838
primary216,study,full_multitask,BAF,42,147,17,5,0.8520377387777567,1.1447466287882406,1.013374025622415,0.38256604044774223,0.6415831036226196
primary216,study,full_single_task,BAF,42,147,17,5,0.6831559953763235,0.639057631518384,0.7998636248608525,0.6153348254008459,0.7493145419523175
primary216,study,hist_gradient_structure_context,BAF,42,147,17,5,0.8285032335013561,1.0123975845619022,0.9958310158511665,0.4037584012900045,0.578325435001472
primary216,study,nearest_chemical_context,BAF,42,147,17,5,1.1430690004748028,1.279215788089121,1.4974541996775501,-0.3482116386408203,0.1493743826891205
primary216,study,shuffled_auxiliary_labels,BAF,42,147,17,5,0.8100672316911972,1.1658353493547502,0.9921194355748773,0.40819464492672686,0.6773657631169293
primary216,study,simple_graph_context,BAF,42,147,17,5,0.8010147394502829,0.8940256371523608,0.9539058349961621,0.4529059566375965,0.6443617306111802
primary216,study,structure_context,BAF,42,147,17,5,0.8487525603385965,1.124003727362593,1.0010000384576554,0.3975525590764586,0.6449441762863569
primary216,study,transport_context,BAF,42,147,17,5,0.8907534387898933,1.3181408003764925,1.1414182499183319,0.21667750266285268,0.5048749458375709
