cohort,design,endpoint,comparator,n,chemicals,delta,low,high
primary216,similarity70_cluster_0,BAF,structure_context,61,9,0.0640870368355057,-0.0816896115223855,0.20493868636965637
primary216,similarity70_cluster_0,BAF,shuffled_auxiliary_labels,61,9,-0.07885447920528563,-0.17560139462131527,0.006874322347606795
primary216,similarity70_cluster_0,BAF,full_single_task,61,9,0.037414126117217554,-0.01079753613612676,0.08843257183855403
primary216,similarity70_cluster_0,BAF,extra_trees_structure_context,61,9,0.10680225642180213,-0.1666041585975825,0.39205913480593135
primary216,similarity70_cluster_0,BCF,structure_context,52,9,-0.04217761409373974,-0.10861109875657377,0.019860480126440205
primary216,similarity70_cluster_0,BCF,shuffled_auxiliary_labels,52,9,-0.39447432737405297,-0.7059236538504023,-0.11635092158851443
primary216,similarity70_cluster_0,BCF,full_single_task,52,9,0.24258956589314856,-0.0036707558948461515,0.45244585137194404
primary216,similarity70_cluster_0,BCF,extra_trees_structure_context,52,9,-0.04101365110732555,-0.2687677248921851,0.18118884701606372
primary216,similarity70_cluster_1,BAF,structure_context,3,1,0.08621578844325543,0.08621578844325543,0.08621578844325543
primary216,similarity70_cluster_1,BAF,shuffled_auxiliary_labels,3,1,0.15436241326873837,0.15436241326873837,0.15436241326873837
primary216,similarity70_cluster_1,BAF,full_single_task,3,1,0.09848467010052205,0.09848467010052205,0.09848467010052205
primary216,similarity70_cluster_1,BAF,extra_trees_structure_context,3,1,-0.1596012481816881,-0.1596012481816881,-0.1596012481816881
primary216,similarity70_cluster_2,BAF,structure_context,45,3,-0.03297148462021411,-0.12442913492240255,0.07485321175538427
primary216,similarity70_cluster_2,BAF,shuffled_auxiliary_labels,45,3,-0.1544196220292893,-0.37500256913750807,0.1325078431521704
primary216,similarity70_cluster_2,BAF,full_single_task,45,3,-0.016686801257660904,-0.2055099268542809,0.3446679207412471
primary216,similarity70_cluster_2,BAF,extra_trees_structure_context,45,3,0.09148139171879498,-0.14574151441205183,0.3941915424161091
primary216,similarity70_cluster_2,BCF,structure_context,17,3,-0.006733103821171378,-0.01827628152124842,0.0073871740948319164
primary216,similarity70_cluster_2,BCF,shuffled_auxiliary_labels,17,3,-0.028910633236698402,-0.08814749569502456,0.0221210318180081
primary216,similarity70_cluster_2,BCF,full_single_task,17,3,-0.0366451758203997,-0.12440616108298364,0.02095335266907185
primary216,similarity70_cluster_2,BCF,extra_trees_structure_context,17,3,-0.07700332467819683,-0.1845723828716762,0.0980979751579435
primary216,similarity70_cluster_3,BAF,structure_context,9,1,-0.1655417019851817,-0.1655417019851817,-0.1655417019851817
primary216,similarity70_cluster_3,BAF,shuffled_auxiliary_labels,9,1,-0.26276903189201284,-0.26276903189201284,-0.26276903189201284
primary216,similarity70_cluster_3,BAF,full_single_task,9,1,0.05571982685780381,0.05571982685780381,0.05571982685780381
primary216,similarity70_cluster_3,BAF,extra_trees_structure_context,9,1,-0.27407158731251013,-0.27407158731251013,-0.27407158731251013
primary216,similarity70_cluster_4,BAF,structure_context,3,1,0.03914634683414242,0.03914634683414242,0.03914634683414242
primary216,similarity70_cluster_4,BAF,shuffled_auxiliary_labels,3,1,-0.15793580074261918,-0.15793580074261918,-0.15793580074261918
primary216,similarity70_cluster_4,BAF,full_single_task,3,1,0.19571327535782812,0.19571327535782812,0.19571327535782812
primary216,similarity70_cluster_4,BAF,extra_trees_structure_context,3,1,0.46881593673339433,0.46881593673339433,0.46881593673339433
primary216,similarity70_cluster_5,BAF,structure_context,23,1,0.34392284876290724,0.34392284876290724,0.34392284876290724
primary216,similarity70_cluster_5,BAF,shuffled_auxiliary_labels,23,1,-0.12502608822016453,-0.12502608822016453,-0.12502608822016453
primary216,similarity70_cluster_5,BAF,full_single_task,23,1,-0.11957335488007878,-0.11957335488007878,-0.11957335488007878
primary216,similarity70_cluster_5,BAF,extra_trees_structure_context,23,1,0.4782163507675548,0.4782163507675548,0.4782163507675548
primary216,similarity70_cluster_6,BAF,structure_context,3,1,0.06416767635236582,0.06416767635236582,0.06416767635236582
primary216,similarity70_cluster_6,BAF,shuffled_auxiliary_labels,3,1,0.05171006039204484,0.05171006039204484,0.05171006039204484
primary216,similarity70_cluster_6,BAF,full_single_task,3,1,0.09693016689694793,0.09693016689694793,0.09693016689694793
primary216,similarity70_cluster_6,BAF,extra_trees_structure_context,3,1,0.4370998116692411,0.4370998116692411,0.4370998116692411
