cohort,design,model,endpoint,n,chemicals,studies,MAE,chemical_MAE,RMSE,R2,rho
primary216,chemical,extra_trees_structure_context,BAF,147,17,5,0.6912376268806512,0.5566636874379561,0.8826028477398511,0.5316380296713147,0.5031726129837091
primary216,chemical,extra_trees_structure_context,BCF,69,12,1,0.42064545591787467,0.42046879305831153,0.5159182244343914,0.8522187075174845,0.9261990584927867
primary216,chemical,full_multitask,BAF,147,17,5,0.7035351531382823,0.5110076128986909,0.9157474228317768,0.49580052884294545,0.6349093911170294
primary216,chemical,full_multitask,BCF,69,12,1,0.4191048522546865,0.42319159060426753,0.5072307397796455,0.8571537471115778,0.9390734048432822
primary216,chemical,full_single_task,BAF,147,17,5,0.7504536354480352,0.5354469693696648,0.9928795870179029,0.40728742747254953,0.5778834339046705
primary216,chemical,full_single_task,BCF,69,12,1,0.4318447484898583,0.4338372389135332,0.5360358535069772,0.8404688851810062,0.9364792289491175
primary216,chemical,hist_gradient_structure_context,BAF,147,17,5,0.6563908133568491,0.6103762213473496,0.8017986625322839,0.6134714028380251,0.6476336785410758
primary216,chemical,hist_gradient_structure_context,BCF,69,12,1,0.6288610770263643,0.6292600769397677,0.7577699347523651,0.68118961302797,0.7903280862157132
primary216,chemical,nearest_chemical_context,BAF,147,17,5,1.5165287169092516,1.4220659823761022,1.8358266905765133,-1.0263494128721486,0.3651068308161505
primary216,chemical,nearest_chemical_context,BCF,69,12,1,1.112415458937198,1.1087962962962965,1.3949068271252771,-0.08030931716252909,0.5036689529130303
primary216,chemical,shuffled_auxiliary_labels,BAF,147,17,5,0.8184550066198771,0.6204325216107492,1.038334929184191,0.35177481086297135,0.525664892012642
primary216,chemical,shuffled_auxiliary_labels,BCF,69,12,1,0.47385836696868394,0.4788464821051542,0.5858828884754602,0.8094191103174884,0.9181738469353642
primary216,chemical,simple_graph_context,BAF,147,17,5,0.7671274021079103,0.6445380560325006,1.0198341457511007,0.37466883537164974,0.5259704799944719
primary216,chemical,simple_graph_context,BCF,69,12,1,0.5150355259347077,0.5170934827327728,0.635298800967873,0.7759144804116669,0.9145225254521249
primary216,chemical,structure_context,BAF,147,17,5,0.7397700361013662,0.5553403019066259,0.9511276644176313,0.45608804694212746,0.6172531225550546
primary216,chemical,structure_context,BCF,69,12,1,0.42812317377264614,0.4295168185884837,0.5153177287139159,0.8525625232017697,0.931553444068589
primary216,chemical,transport_context,BAF,147,17,5,0.5973042658295182,0.4932563580173607,0.7412021909595871,0.6696879902548531,0.8278690305618494
primary216,chemical,transport_context,BCF,69,12,1,0.5099635021828642,0.5088525178660649,0.6084783234682238,0.7944355810915567,0.9025357161930756
primary216,study,extra_trees_structure_context,BAF,147,17,5,0.7655422670855156,0.9845231163999779,0.9422181282783568,0.46623033656984514,0.6652834150543838
primary216,study,full_multitask,BAF,147,17,5,0.8520377387777567,1.1447466287882406,1.013374025622415,0.38256604044774223,0.6415831036226196
primary216,study,full_single_task,BAF,147,17,5,0.6831559953763235,0.639057631518384,0.7998636248608525,0.6153348254008459,0.7493145419523175
primary216,study,hist_gradient_structure_context,BAF,147,17,5,0.8285032335013561,1.0123975845619022,0.9958310158511665,0.4037584012900044,0.578325435001472
primary216,study,nearest_chemical_context,BAF,147,17,5,1.1430690004748025,1.279215788089121,1.4974541996775501,-0.3482116386408205,0.1493743826891205
primary216,study,shuffled_auxiliary_labels,BAF,147,17,5,0.8100672316911972,1.1658353493547502,0.9921194355748773,0.40819464492672697,0.6773657631169293
primary216,study,simple_graph_context,BAF,147,17,5,0.8010147394502828,0.8940256371523608,0.9539058349961621,0.4529059566375965,0.6443617306111802
primary216,study,structure_context,BAF,147,17,5,0.8487525603385965,1.124003727362593,1.0010000384576552,0.3975525590764587,0.6449441762863569
primary216,study,transport_context,BAF,147,17,5,0.8907534387898933,1.3181408003764925,1.1414182499183319,0.21667750266285257,0.5048749458375709
