seed,endpoint,retained_fraction,retained_compounds,record_fraction,chemical_MAE,record_MAE
42,BAF,0.25,1,0.3333333333333333,0.7439598324890249,0.7439598324890249
42,BAF,0.5,2,0.6060606060606061,0.664432768408949,0.6723854748169567
42,BAF,0.75,3,0.9393939393939394,0.62365395718173,0.6261538444625595
42,BAF,1.0,4,1.0,0.5761118692307694,0.6144769814877309
42,BCF,0.3333333333333333,1,0.29411764705882354,0.11421252989324673,0.11421252989324673
42,BCF,0.6666666666666666,2,0.6470588235294118,0.15594698829360415,0.15974102996636394
42,BCF,1.0,3,1.0,0.18431726925102554,0.18844107744854194
43,BAF,0.3333333333333333,1,0.6875,0.34385126743146777,0.34385126743146777
43,BAF,0.6666666666666666,2,0.875,0.4137780808817265,0.37381990176729296
43,BAF,1.0,3,1.0,0.4952477111047995,0.40936578549024955
43,BCF,0.3333333333333333,1,0.3333333333333333,0.2163290984086211,0.2163290984086211
43,BCF,0.6666666666666666,2,0.6666666666666666,0.33530647959703835,0.33530647959703835
43,BCF,1.0,3,1.0,0.36523295222432983,0.3652329522243298
44,BAF,0.25,1,0.2926829268292683,0.6318583582305226,0.6318583582305227
44,BAF,0.5,2,0.36585365853658536,0.4067351113093665,0.5418090594620603
44,BAF,0.75,3,0.926829268292683,0.8404414586142234,1.2475731951600384
44,BAF,1.0,4,1.0,0.7173803772934815,1.1817651906359812
44,BCF,0.5,1,0.5,0.28417619405161315,0.28417619405161315
44,BCF,1.0,2,1.0,0.30668350799001803,0.30668350799001803
