mode,model,threshold,TP,FN,TN,FP,accuracy,majority_accuracy,sensitivity,specificity,balanced_accuracy,MCC,average_precision,positive_compounds
source_transfer,extra_trees,3.3010299956639813,3,0,18,6,0.7777777777777778,0.8888888888888888,1.0,0.75,0.875,0.5,1.0,1
source_transfer,extra_trees,3.6989700043360187,1,0,24,2,0.9259259259259259,0.962962962962963,1.0,0.9230769230769231,0.9615384615384616,0.554700196225229,0.3333333333333333,1
source_transfer,full_multitask,3.3010299956639813,3,0,18,6,0.7777777777777778,0.8888888888888888,1.0,0.75,0.875,0.5,1.0,1
source_transfer,full_multitask,3.6989700043360187,1,0,18,8,0.7037037037037037,0.962962962962963,1.0,0.6923076923076923,0.8461538461538461,0.2773500981126146,1.0,1
source_transfer,structure_context,3.3010299956639813,3,0,18,6,0.7777777777777778,0.8888888888888888,1.0,0.75,0.875,0.5,1.0,1
source_transfer,structure_context,3.6989700043360187,1,0,21,5,0.8148148148148148,0.962962962962963,1.0,0.8076923076923077,0.9038461538461539,0.3668996928526714,0.3333333333333333,1
strict_chemical_out,extra_trees,3.3010299956639813,3,0,21,3,0.8888888888888888,0.8888888888888888,1.0,0.875,0.9375,0.6614378277661477,0.5,1
strict_chemical_out,extra_trees,3.6989700043360187,0,1,26,0,0.9629629629629629,0.962962962962963,0.0,1.0,0.5,0.0,0.16666666666666666,1
strict_chemical_out,full_multitask,3.3010299956639813,3,0,21,3,0.8888888888888888,0.8888888888888888,1.0,0.875,0.9375,0.6614378277661477,1.0,1
strict_chemical_out,full_multitask,3.6989700043360187,1,0,24,2,0.9259259259259259,0.962962962962963,1.0,0.9230769230769231,0.9615384615384616,0.554700196225229,0.3333333333333333,1
strict_chemical_out,structure_context,3.3010299956639813,3,0,21,3,0.8888888888888888,0.8888888888888888,1.0,0.875,0.9375,0.6614378277661477,1.0,1
strict_chemical_out,structure_context,3.6989700043360187,1,0,21,5,0.8148148148148148,0.962962962962963,1.0,0.8076923076923077,0.9038461538461539,0.3668996928526714,0.3333333333333333,1
