seed,endpoint,uncertainty_group,chemicals,mean_uncertainty,MAE,RMSE
42,BAF,1,2,0.26732964249325886,0.6723854748169567,0.8367023929437377
42,BAF,2,1,0.42571812050924845,0.5420963347272919,0.7021432231721194
42,BAF,3,1,0.8052708227932095,0.4334856053778876,0.4390603711346661
42,BCF,1,1,0.11713069590536103,0.11421252989324673,0.18072537239556816
42,BCF,2,1,0.45543365380564166,0.1976814466939616,0.3023176638379779
42,BCF,3,1,0.6684819895121237,0.24105783116586835,0.30839904275603136
43,BAF,1,1,0.18036997931329526,0.34385126743146777,0.50487482070857
43,BAF,2,1,0.2603248820606014,0.48370489433198527,0.5359935918670387
43,BAF,3,1,0.671971292356898,0.6581869715509454,0.6732126267011065
43,BCF,1,1,0.16539410537937108,0.2163290984086211,0.26711728109267646
43,BCF,2,1,0.5348759289756864,0.4542838607854555,0.5324524975354825
43,BCF,3,1,0.5413352644191968,0.4250858974789127,0.44488870302848604
44,BAF,1,2,0.2447688742698482,0.5418090594620603,0.7617482456476908
44,BAF,2,1,0.31172635597237336,1.7078541532239373,1.756627078458027
44,BAF,3,1,0.45921457971545054,0.3481971333312559,0.35697536172469774
44,BCF,1,1,0.21823125719011383,0.28417619405161315,0.33076416839931017
44,BCF,2,1,0.2801237899314117,0.3291908219284229,0.39544730272064693
