pfas_name,CAS,InChIKey,DTXSID,pfas_class,endpoint,value,unit,temperature,pH,source_database,source_reference,measured_or_predicted,reliability,notes
PFOS,1763-23-1,YFSUTJLHUFNCNZ-UHFFFAOYSA-N,,PFSA,logKow,5.0,dimensionless (log L/L),,,PubChem XLogP3,,predicted,2.0,From PubChem XLogP3 (calculated); verify with experimental data
PFOS,1763-23-1,YFSUTJLHUFNCNZ-UHFFFAOYSA-N,,PFSA,logKoc,2.98,dimensionless (log L/kg OC),,,"NORMAN SusDat (predicted Koc, EPI Suite)",,predicted,2.0,Koc range: 354.43–2564.48 L/kg → log10(geomean)
PFOS,1763-23-1,YFSUTJLHUFNCNZ-UHFFFAOYSA-N,,PFSA,logKd,,dimensionless (log L/kg),,,,,,,
PFOS,1763-23-1,YFSUTJLHUFNCNZ-UHFFFAOYSA-N,,PFSA,water_solubility,519.0,mg/L,25.0,,Wang 2011,,measured,1.0,
PFOS,1763-23-1,YFSUTJLHUFNCNZ-UHFFFAOYSA-N,,PFSA,Henry_constant,0.000345,Pa·m³/mol,25.0,,EPI Suite HENRYWIN,,predicted,2.0,
PFOS,1763-23-1,YFSUTJLHUFNCNZ-UHFFFAOYSA-N,,PFSA,vapor_pressure,0.000331,Pa,25.0,,Wang 2011,,measured,1.0,
PFOS,1763-23-1,YFSUTJLHUFNCNZ-UHFFFAOYSA-N,,PFSA,pKa,-3.27,dimensionless,,,Goss 2008,,measured,1.0,
PFOS,1763-23-1,YFSUTJLHUFNCNZ-UHFFFAOYSA-N,,PFSA,logD,-5.27,dimensionless (log L/L),,7.0,Estimate: logD = logKow + (pKa - pH) at pH 7,,predicted,3.0,Estimated from logKow=nan and pKa=-3.27
PFNA,375-95-1,UZUFPBIDKMEQEQ-UHFFFAOYSA-N,,PFCA,logKow,5.6,dimensionless (log L/L),,,PubChem XLogP3,,predicted,2.0,From PubChem XLogP3 (calculated); verify with experimental data
PFNA,375-95-1,UZUFPBIDKMEQEQ-UHFFFAOYSA-N,,PFCA,logKoc,3.45,dimensionless (log L/kg OC),,,"NORMAN SusDat (predicted Koc, EPI Suite)",,predicted,2.0,Koc range: 2832.61–2832.61 L/kg → log10(geomean)
PFNA,375-95-1,UZUFPBIDKMEQEQ-UHFFFAOYSA-N,,PFCA,logKd,,dimensionless (log L/kg),,,,,,,
PFNA,375-95-1,UZUFPBIDKMEQEQ-UHFFFAOYSA-N,,PFCA,water_solubility,9.5,mg/L,25.0,,Wang 2011,,measured,1.0,
PFNA,375-95-1,UZUFPBIDKMEQEQ-UHFFFAOYSA-N,,PFCA,Henry_constant,0.49,Pa·m³/mol,25.0,,EPI Suite HENRYWIN,,predicted,2.0,
PFNA,375-95-1,UZUFPBIDKMEQEQ-UHFFFAOYSA-N,,PFCA,vapor_pressure,1.34,Pa,25.0,,EPI Suite MPBPVP,,predicted,2.0,
PFNA,375-95-1,UZUFPBIDKMEQEQ-UHFFFAOYSA-N,,PFCA,pKa,0.5,dimensionless,,,Goss 2008 (homolog),,predicted,2.0,
PFNA,375-95-1,UZUFPBIDKMEQEQ-UHFFFAOYSA-N,,PFCA,logD,-0.9,dimensionless (log L/L),,7.0,Estimate: logD = logKow + (pKa - pH) at pH 7,,predicted,3.0,Estimated from logKow=nan and pKa=0.5
PFDA,335-76-2,PCIUEQPBYFRTEM-UHFFFAOYSA-N,,PFCA,logKow,6.3,dimensionless (log L/L),,,PubChem XLogP3,,predicted,2.0,From PubChem XLogP3 (calculated); verify with experimental data
PFDA,335-76-2,PCIUEQPBYFRTEM-UHFFFAOYSA-N,,PFCA,logKoc,2.6,dimensionless (log L/kg OC),,,"NORMAN SusDat (predicted Koc, EPI Suite)",,predicted,2.0,Koc range: 397.15–397.15 L/kg → log10(geomean)
PFDA,335-76-2,PCIUEQPBYFRTEM-UHFFFAOYSA-N,,PFCA,logKd,,dimensionless (log L/kg),,,,,,,
PFDA,335-76-2,PCIUEQPBYFRTEM-UHFFFAOYSA-N,,PFCA,water_solubility,1.0,mg/L,25.0,,Wang 2011,,measured,1.0,
PFDA,335-76-2,PCIUEQPBYFRTEM-UHFFFAOYSA-N,,PFCA,Henry_constant,0.69,Pa·m³/mol,25.0,,EPI Suite HENRYWIN,,predicted,2.0,
PFDA,335-76-2,PCIUEQPBYFRTEM-UHFFFAOYSA-N,,PFCA,vapor_pressure,0.42,Pa,25.0,,EPI Suite MPBPVP,,predicted,2.0,
PFDA,335-76-2,PCIUEQPBYFRTEM-UHFFFAOYSA-N,,PFCA,pKa,0.5,dimensionless,,,Goss 2008 (homolog),,predicted,2.0,
PFDA,335-76-2,PCIUEQPBYFRTEM-UHFFFAOYSA-N,,PFCA,logD,-0.2,dimensionless (log L/L),,7.0,Estimate: logD = logKow + (pKa - pH) at pH 7,,predicted,3.0,Estimated from logKow=nan and pKa=0.5
PFOA,335-67-1,SNGREZUHAYWORS-UHFFFAOYSA-N,,PFCA,logKow,4.9,dimensionless (log L/L),,,PubChem XLogP3,,predicted,2.0,From PubChem XLogP3 (calculated); verify with experimental data
PFOA,335-67-1,SNGREZUHAYWORS-UHFFFAOYSA-N,,PFCA,logKoc,3.02,dimensionless (log L/kg OC),,,"NORMAN SusDat (predicted Koc, EPI Suite)",,predicted,2.0,Koc range: 654.64–1668.68 L/kg → log10(geomean)
PFOA,335-67-1,SNGREZUHAYWORS-UHFFFAOYSA-N,,PFCA,logKd,,dimensionless (log L/kg),,,,,,,
PFOA,335-67-1,SNGREZUHAYWORS-UHFFFAOYSA-N,,PFCA,water_solubility,4340.0,mg/L,25.0,,Wang 2011,,measured,1.0,
PFOA,335-67-1,SNGREZUHAYWORS-UHFFFAOYSA-N,,PFCA,Henry_constant,0.36,Pa·m³/mol,25.0,,EPI Suite HENRYWIN,,predicted,2.0,
PFOA,335-67-1,SNGREZUHAYWORS-UHFFFAOYSA-N,,PFCA,vapor_pressure,4.19,Pa,25.0,,"Wang 2011 (PFOA, 25C)",,measured,1.0,
PFOA,335-67-1,SNGREZUHAYWORS-UHFFFAOYSA-N,,PFCA,pKa,0.5,dimensionless,,,Goss 2008,,measured,1.0,
PFOA,335-67-1,SNGREZUHAYWORS-UHFFFAOYSA-N,,PFCA,logD,-1.6,dimensionless (log L/L),,7.0,Estimate: logD = logKow + (pKa - pH) at pH 7,,predicted,3.0,Estimated from logKow=nan and pKa=0.5
PFunDA,2058-94-8,SIDINRCMMRKXGQ-UHFFFAOYSA-N,,PFCA,logKow,6.9,dimensionless (log L/L),,,PubChem XLogP3,,predicted,2.0,From PubChem XLogP3 (calculated); verify with experimental data
PFunDA,2058-94-8,SIDINRCMMRKXGQ-UHFFFAOYSA-N,,PFCA,logKoc,4.22,dimensionless (log L/kg OC),,,"NORMAN SusDat (predicted Koc, EPI Suite)",,predicted,2.0,Koc range: 16613.80–16613.80 L/kg → log10(geomean)
PFunDA,2058-94-8,SIDINRCMMRKXGQ-UHFFFAOYSA-N,,PFCA,logKd,,dimensionless (log L/kg),,,,,,,
PFunDA,2058-94-8,SIDINRCMMRKXGQ-UHFFFAOYSA-N,,PFCA,water_solubility,0.18,mg/L,25.0,,EPI Suite WSKOW,,predicted,2.0,
PFunDA,2058-94-8,SIDINRCMMRKXGQ-UHFFFAOYSA-N,,PFCA,Henry_constant,1.08,Pa·m³/mol,25.0,,EPI Suite HENRYWIN,,predicted,2.0,
PFunDA,2058-94-8,SIDINRCMMRKXGQ-UHFFFAOYSA-N,,PFCA,vapor_pressure,0.13,Pa,25.0,,EPI Suite MPBPVP,,predicted,2.0,
PFunDA,2058-94-8,SIDINRCMMRKXGQ-UHFFFAOYSA-N,,PFCA,pKa,0.5,dimensionless,,,Goss 2008 (homolog),,predicted,2.0,
PFunDA,2058-94-8,SIDINRCMMRKXGQ-UHFFFAOYSA-N,,PFCA,logD,0.4,dimensionless (log L/L),,7.0,Estimate: logD = logKow + (pKa - pH) at pH 7,,predicted,3.0,Estimated from logKow=nan and pKa=0.5
PFTrDA,72629-94-8,LVDGGZAZAYHXEY-UHFFFAOYSA-N,,PFCA,logKow,8.3,dimensionless (log L/L),,,PubChem XLogP3,,predicted,2.0,From PubChem XLogP3 (calculated); verify with experimental data
PFTrDA,72629-94-8,LVDGGZAZAYHXEY-UHFFFAOYSA-N,,PFCA,logKoc,5.27,dimensionless (log L/kg OC),,,"NORMAN SusDat (predicted Koc, EPI Suite)",,predicted,2.0,Koc range: 184386.00–184386.00 L/kg → log10(geomean)
PFTrDA,72629-94-8,LVDGGZAZAYHXEY-UHFFFAOYSA-N,,PFCA,logKd,,dimensionless (log L/kg),,,,,,,
PFTrDA,72629-94-8,LVDGGZAZAYHXEY-UHFFFAOYSA-N,,PFCA,water_solubility,0.04,mg/L,25.0,,EPI Suite WSKOW,,predicted,2.0,
PFTrDA,72629-94-8,LVDGGZAZAYHXEY-UHFFFAOYSA-N,,PFCA,Henry_constant,1.45,Pa·m³/mol,25.0,,EPI Suite HENRYWIN,,predicted,2.0,
PFTrDA,72629-94-8,LVDGGZAZAYHXEY-UHFFFAOYSA-N,,PFCA,vapor_pressure,0.013,Pa,25.0,,EPI Suite MPBPVP,,predicted,2.0,
PFTrDA,72629-94-8,LVDGGZAZAYHXEY-UHFFFAOYSA-N,,PFCA,pKa,0.5,dimensionless,,,Goss 2008 (homolog),,predicted,2.0,
PFTrDA,72629-94-8,LVDGGZAZAYHXEY-UHFFFAOYSA-N,,PFCA,logD,1.8,dimensionless (log L/L),,7.0,Estimate: logD = logKow + (pKa - pH) at pH 7,,predicted,3.0,Estimated from logKow=nan and pKa=0.5
PFDoDA,307-55-1,CXGONMQFMIYUJR-UHFFFAOYSA-N,,PFCA,logKow,7.6,dimensionless (log L/L),,,PubChem XLogP3,,predicted,2.0,From PubChem XLogP3 (calculated); verify with experimental data
PFDoDA,307-55-1,CXGONMQFMIYUJR-UHFFFAOYSA-N,,PFCA,logKoc,4.93,dimensionless (log L/kg OC),,,"NORMAN SusDat (predicted Koc, EPI Suite)",,predicted,2.0,Koc range: 85440.80–85440.80 L/kg → log10(geomean)
PFDoDA,307-55-1,CXGONMQFMIYUJR-UHFFFAOYSA-N,,PFCA,logKd,,dimensionless (log L/kg),,,,,,,
PFDoDA,307-55-1,CXGONMQFMIYUJR-UHFFFAOYSA-N,,PFCA,water_solubility,0.08,mg/L,25.0,,EPI Suite WSKOW,,predicted,2.0,
PFDoDA,307-55-1,CXGONMQFMIYUJR-UHFFFAOYSA-N,,PFCA,Henry_constant,1.21,Pa·m³/mol,25.0,,EPI Suite HENRYWIN,,predicted,2.0,
PFDoDA,307-55-1,CXGONMQFMIYUJR-UHFFFAOYSA-N,,PFCA,vapor_pressure,0.041,Pa,25.0,,EPI Suite MPBPVP,,predicted,2.0,
PFDoDA,307-55-1,CXGONMQFMIYUJR-UHFFFAOYSA-N,,PFCA,pKa,0.5,dimensionless,,,Goss 2008 (homolog),,predicted,2.0,
PFDoDA,307-55-1,CXGONMQFMIYUJR-UHFFFAOYSA-N,,PFCA,logD,1.1,dimensionless (log L/L),,7.0,Estimate: logD = logKow + (pKa - pH) at pH 7,,predicted,3.0,Estimated from logKow=nan and pKa=0.5
PFHxS,355-46-4,QZHDEAJFRJCDMF-UHFFFAOYSA-N,,PFSA,logKow,3.7,dimensionless (log L/L),,,PubChem XLogP3,,predicted,2.0,From PubChem XLogP3 (calculated); verify with experimental data
PFHxS,355-46-4,QZHDEAJFRJCDMF-UHFFFAOYSA-N,,PFSA,logKoc,3.36,dimensionless (log L/kg OC),,,"NORMAN SusDat (predicted Koc, EPI Suite)",,predicted,2.0,Koc range: 2303.42–2303.42 L/kg → log10(geomean)
PFHxS,355-46-4,QZHDEAJFRJCDMF-UHFFFAOYSA-N,,PFSA,logKd,,dimensionless (log L/kg),,,,,,,
PFHxS,355-46-4,QZHDEAJFRJCDMF-UHFFFAOYSA-N,,PFSA,water_solubility,1400.0,mg/L,25.0,,Wang 2011,,measured,1.0,
PFHxS,355-46-4,QZHDEAJFRJCDMF-UHFFFAOYSA-N,,PFSA,Henry_constant,0.0044,Pa·m³/mol,25.0,,EPI Suite HENRYWIN,,predicted,2.0,
PFHxS,355-46-4,QZHDEAJFRJCDMF-UHFFFAOYSA-N,,PFSA,vapor_pressure,0.034,Pa,25.0,,EPI Suite MPBPVP,,predicted,2.0,
PFHxS,355-46-4,QZHDEAJFRJCDMF-UHFFFAOYSA-N,,PFSA,pKa,0.14,dimensionless,,,Goss 2008,,measured,1.0,
PFHxS,355-46-4,QZHDEAJFRJCDMF-UHFFFAOYSA-N,,PFSA,logD,-3.16,dimensionless (log L/L),,7.0,Estimate: logD = logKow + (pKa - pH) at pH 7,,predicted,3.0,Estimated from logKow=nan and pKa=0.14
PFBA,375-22-4,YPJUNDFVDDCYIH-UHFFFAOYSA-N,,PFCA,logKow,2.2,dimensionless (log L/L),,,PubChem XLogP3,,predicted,2.0,From PubChem XLogP3 (calculated); verify with experimental data
PFBA,375-22-4,YPJUNDFVDDCYIH-UHFFFAOYSA-N,,PFCA,logKoc,1.95,dimensionless (log L/kg OC),,,"NORMAN SusDat (predicted Koc, EPI Suite)",,predicted,2.0,Koc range: 88.87–88.87 L/kg → log10(geomean)
PFBA,375-22-4,YPJUNDFVDDCYIH-UHFFFAOYSA-N,,PFCA,logKd,,dimensionless (log L/kg),,,,,,,
PFBA,375-22-4,YPJUNDFVDDCYIH-UHFFFAOYSA-N,,PFCA,water_solubility,560000.0,mg/L,25.0,,Wang 2011 (miscible),,measured,1.0,
PFBA,375-22-4,YPJUNDFVDDCYIH-UHFFFAOYSA-N,,PFCA,Henry_constant,0.075,Pa·m³/mol,25.0,,EPI Suite HENRYWIN,,predicted,2.0,
PFBA,375-22-4,YPJUNDFVDDCYIH-UHFFFAOYSA-N,,PFCA,vapor_pressure,1283.0,Pa,25.0,,EPI Suite MPBPVP,,predicted,2.0,
PFBA,375-22-4,YPJUNDFVDDCYIH-UHFFFAOYSA-N,,PFCA,pKa,0.4,dimensionless,,,Goss 2008,,measured,1.0,
PFBA,375-22-4,YPJUNDFVDDCYIH-UHFFFAOYSA-N,,PFCA,logD,-4.4,dimensionless (log L/L),,7.0,Estimate: logD = logKow + (pKa - pH) at pH 7,,predicted,3.0,Estimated from logKow=nan and pKa=0.4
FBSA,30334-69-1,FUVKFLJWBHVMHX-UHFFFAOYSA-N,,FASA,logKow,2.2,dimensionless (log L/L),,,PubChem XLogP3,,predicted,2.0,From PubChem XLogP3 (calculated); verify with experimental data
FBSA,30334-69-1,FUVKFLJWBHVMHX-UHFFFAOYSA-N,,FASA,logKoc,1.51,dimensionless (log L/kg OC),,,"NORMAN SusDat (predicted Koc, EPI Suite)",,predicted,2.0,Koc range: 32.13–32.13 L/kg → log10(geomean)
FBSA,30334-69-1,FUVKFLJWBHVMHX-UHFFFAOYSA-N,,FASA,logKd,,dimensionless (log L/kg),,,,,,,
FBSA,30334-69-1,FUVKFLJWBHVMHX-UHFFFAOYSA-N,,FASA,water_solubility,850.0,mg/L,25.0,,EPI Suite WSKOW,,predicted,2.0,
FBSA,30334-69-1,FUVKFLJWBHVMHX-UHFFFAOYSA-N,,FASA,Henry_constant,1.4,Pa·m³/mol,25.0,,EPI Suite HENRYWIN,,predicted,2.0,
FBSA,30334-69-1,FUVKFLJWBHVMHX-UHFFFAOYSA-N,,FASA,vapor_pressure,1.2,Pa,25.0,,EPI Suite MPBPVP,,predicted,2.0,
FBSA,30334-69-1,FUVKFLJWBHVMHX-UHFFFAOYSA-N,,FASA,pKa,6.5,dimensionless,,,Rayne 2009 (homolog),,predicted,2.0,
FBSA,30334-69-1,FUVKFLJWBHVMHX-UHFFFAOYSA-N,,FASA,logD,1.7,dimensionless (log L/L),,7.0,Estimate: logD = logKow + (pKa - pH) at pH 7,,predicted,3.0,Estimated from logKow=nan and pKa=6.5
PFHpS,375-92-8,OYGQVDSRYXATEL-UHFFFAOYSA-N,,PFSA,logKow,4.3,dimensionless (log L/L),,,PubChem XLogP3,,predicted,2.0,From PubChem XLogP3 (calculated); verify with experimental data
PFHpS,375-92-8,OYGQVDSRYXATEL-UHFFFAOYSA-N,,PFSA,logKoc,3.09,dimensionless (log L/kg OC),,,"NORMAN SusDat (predicted Koc, EPI Suite)",,predicted,2.0,Koc range: 1230.38–1230.38 L/kg → log10(geomean)
PFHpS,375-92-8,OYGQVDSRYXATEL-UHFFFAOYSA-N,,PFSA,logKd,,dimensionless (log L/kg),,,,,,,
PFHpS,375-92-8,OYGQVDSRYXATEL-UHFFFAOYSA-N,,PFSA,water_solubility,65.0,mg/L,25.0,,EPI Suite WSKOW,,predicted,2.0,
PFHpS,375-92-8,OYGQVDSRYXATEL-UHFFFAOYSA-N,,PFSA,Henry_constant,0.0035,Pa·m³/mol,25.0,,EPI Suite HENRYWIN,,predicted,2.0,
PFHpS,375-92-8,OYGQVDSRYXATEL-UHFFFAOYSA-N,,PFSA,vapor_pressure,0.0024,Pa,25.0,,EPI Suite MPBPVP,,predicted,2.0,
PFHpS,375-92-8,OYGQVDSRYXATEL-UHFFFAOYSA-N,,PFSA,pKa,-3.27,dimensionless,,,Goss 2008 (homolog),,predicted,2.0,
PFHpS,375-92-8,OYGQVDSRYXATEL-UHFFFAOYSA-N,,PFSA,logD,-5.97,dimensionless (log L/L),,7.0,Estimate: logD = logKow + (pKa - pH) at pH 7,,predicted,3.0,Estimated from logKow=nan and pKa=-3.27
PFECHS,757124-72-4,TXGIGTRUEITPSC-UHFFFAOYSA-N,,FTS,logKow,2.6,dimensionless (log L/L),,,PubChem XLogP3,,predicted,2.0,From PubChem XLogP3 (calculated); verify with experimental data
PFECHS,757124-72-4,TXGIGTRUEITPSC-UHFFFAOYSA-N,,FTS,logKoc,2.7,dimensionless (log L/kg OC),,,"NORMAN SusDat (predicted Koc, EPI Suite)",,predicted,2.0,Koc range: 496.09–496.09 L/kg → log10(geomean)
PFECHS,757124-72-4,TXGIGTRUEITPSC-UHFFFAOYSA-N,,FTS,logKd,,dimensionless (log L/kg),,,,,,,
PFECHS,757124-72-4,TXGIGTRUEITPSC-UHFFFAOYSA-N,,FTS,water_solubility,1500.0,mg/L,25.0,,EPI Suite WSKOW,,predicted,2.0,
PFECHS,757124-72-4,TXGIGTRUEITPSC-UHFFFAOYSA-N,,FTS,Henry_constant,0.0033,Pa·m³/mol,25.0,,EPI Suite HENRYWIN,,predicted,2.0,
PFECHS,757124-72-4,TXGIGTRUEITPSC-UHFFFAOYSA-N,,FTS,vapor_pressure,0.18,Pa,25.0,,EPI Suite MPBPVP,,predicted,2.0,
PFECHS,757124-72-4,TXGIGTRUEITPSC-UHFFFAOYSA-N,,FTS,pKa,-3.0,dimensionless,,,ACD/Labs predict,,predicted,3.0,
PFECHS,757124-72-4,TXGIGTRUEITPSC-UHFFFAOYSA-N,,FTS,logD,-7.4,dimensionless (log L/L),,7.0,Estimate: logD = logKow + (pKa - pH) at pH 7,,predicted,3.0,Estimated from logKow=nan and pKa=-3.0
PFDS,335-77-3,HYWZIAVPBSTISZ-UHFFFAOYSA-N,,PFSA,logKow,6.4,dimensionless (log L/L),,,PubChem XLogP3,,predicted,2.0,From PubChem XLogP3 (calculated); verify with experimental data
PFDS,335-77-3,HYWZIAVPBSTISZ-UHFFFAOYSA-N,,PFSA,logKoc,4.28,dimensionless (log L/kg OC),,,"NORMAN SusDat (predicted Koc, EPI Suite)",,predicted,2.0,Koc range: 19142.30–19142.30 L/kg → log10(geomean)
PFDS,335-77-3,HYWZIAVPBSTISZ-UHFFFAOYSA-N,,PFSA,logKd,,dimensionless (log L/kg),,,,,,,
PFDS,335-77-3,HYWZIAVPBSTISZ-UHFFFAOYSA-N,,PFSA,water_solubility,2.4,mg/L,25.0,,EPI Suite WSKOW,,predicted,2.0,
PFDS,335-77-3,HYWZIAVPBSTISZ-UHFFFAOYSA-N,,PFSA,Henry_constant,0.0048,Pa·m³/mol,25.0,,EPI Suite HENRYWIN,,predicted,2.0,
PFDS,335-77-3,HYWZIAVPBSTISZ-UHFFFAOYSA-N,,PFSA,vapor_pressure,1.4e-05,Pa,25.0,,EPI Suite MPBPVP,,predicted,2.0,
PFDS,335-77-3,HYWZIAVPBSTISZ-UHFFFAOYSA-N,,PFSA,pKa,-3.27,dimensionless,,,Goss 2008 (homolog),,predicted,2.0,
PFDS,335-77-3,HYWZIAVPBSTISZ-UHFFFAOYSA-N,,PFSA,logD,-3.87,dimensionless (log L/L),,7.0,Estimate: logD = logKow + (pKa - pH) at pH 7,,predicted,3.0,Estimated from logKow=nan and pKa=-3.27
FOSA,754-91-6,RRRXPPIDPYTNJG-UHFFFAOYSA-N,,FASA,logKow,4.8,dimensionless (log L/L),,,PubChem XLogP3,,predicted,2.0,From PubChem XLogP3 (calculated); verify with experimental data
FOSA,754-91-6,RRRXPPIDPYTNJG-UHFFFAOYSA-N,,FASA,logKoc,2.82,dimensionless (log L/kg OC),,,"NORMAN SusDat (predicted Koc, EPI Suite)",,predicted,2.0,Koc range: 661.12–661.12 L/kg → log10(geomean)
FOSA,754-91-6,RRRXPPIDPYTNJG-UHFFFAOYSA-N,,FASA,logKd,,dimensionless (log L/kg),,,,,,,
FOSA,754-91-6,RRRXPPIDPYTNJG-UHFFFAOYSA-N,,FASA,water_solubility,0.3,mg/L,25.0,,Wang 2011,,measured,1.0,
FOSA,754-91-6,RRRXPPIDPYTNJG-UHFFFAOYSA-N,,FASA,Henry_constant,8.1,Pa·m³/mol,25.0,,EPI Suite HENRYWIN,,predicted,2.0,
FOSA,754-91-6,RRRXPPIDPYTNJG-UHFFFAOYSA-N,,FASA,vapor_pressure,0.0033,Pa,25.0,,Wang 2011,,measured,1.0,
FOSA,754-91-6,RRRXPPIDPYTNJG-UHFFFAOYSA-N,,FASA,pKa,6.52,dimensionless,,,Rayne 2009,,measured,1.0,
FOSA,754-91-6,RRRXPPIDPYTNJG-UHFFFAOYSA-N,,FASA,logD,4.32,dimensionless (log L/L),,7.0,Estimate: logD = logKow + (pKa - pH) at pH 7,,predicted,3.0,Estimated from logKow=nan and pKa=6.52
FHxSA,41997-13-1,WDZLGCSJJWEQJO-UHFFFAOYSA-N,,FASA,logKow,3.5,dimensionless (log L/L),,,PubChem XLogP3,,predicted,2.0,From PubChem XLogP3 (calculated); verify with experimental data
FHxSA,41997-13-1,WDZLGCSJJWEQJO-UHFFFAOYSA-N,,FASA,logKoc,3.02,dimensionless (log L/kg OC),,,"NORMAN SusDat (predicted Koc, EPI Suite)",,predicted,2.0,Koc range: 1038.55–1038.55 L/kg → log10(geomean)
FHxSA,41997-13-1,WDZLGCSJJWEQJO-UHFFFAOYSA-N,,FASA,logKd,,dimensionless (log L/kg),,,,,,,
FHxSA,41997-13-1,WDZLGCSJJWEQJO-UHFFFAOYSA-N,,FASA,water_solubility,8.4,mg/L,25.0,,EPI Suite WSKOW,,predicted,2.0,
FHxSA,41997-13-1,WDZLGCSJJWEQJO-UHFFFAOYSA-N,,FASA,Henry_constant,4.0,Pa·m³/mol,25.0,,EPI Suite HENRYWIN,,predicted,2.0,
FHxSA,41997-13-1,WDZLGCSJJWEQJO-UHFFFAOYSA-N,,FASA,vapor_pressure,0.013,Pa,25.0,,EPI Suite MPBPVP,,predicted,2.0,
FHxSA,41997-13-1,WDZLGCSJJWEQJO-UHFFFAOYSA-N,,FASA,pKa,6.5,dimensionless,,,Rayne 2009 (homolog),,predicted,2.0,
FHxSA,41997-13-1,WDZLGCSJJWEQJO-UHFFFAOYSA-N,,FASA,logD,3.0,dimensionless (log L/L),,7.0,Estimate: logD = logKow + (pKa - pH) at pH 7,,predicted,3.0,Estimated from logKow=nan and pKa=6.5
EtFOSAA,2991-50-6,CKRXVVGETMYFIO-UHFFFAOYSA-N,,其它全氟,logKow,5.4,dimensionless (log L/L),,,PubChem XLogP3,,predicted,2.0,From PubChem XLogP3 (calculated); verify with experimental data
EtFOSAA,2991-50-6,CKRXVVGETMYFIO-UHFFFAOYSA-N,,其它全氟,logKoc,4.91,dimensionless (log L/kg OC),,,"NORMAN SusDat (predicted Koc, EPI Suite)",,predicted,2.0,Koc range: 80700.40–80700.40 L/kg → log10(geomean)
EtFOSAA,2991-50-6,CKRXVVGETMYFIO-UHFFFAOYSA-N,,其它全氟,logKd,,dimensionless (log L/kg),,,,,,,
EtFOSAA,2991-50-6,CKRXVVGETMYFIO-UHFFFAOYSA-N,,其它全氟,water_solubility,1.7,mg/L,25.0,,EPI Suite WSKOW,,predicted,2.0,
EtFOSAA,2991-50-6,CKRXVVGETMYFIO-UHFFFAOYSA-N,,其它全氟,Henry_constant,0.014,Pa·m³/mol,25.0,,EPI Suite HENRYWIN,,predicted,2.0,
EtFOSAA,2991-50-6,CKRXVVGETMYFIO-UHFFFAOYSA-N,,其它全氟,vapor_pressure,0.00014,Pa,25.0,,EPI Suite MPBPVP,,predicted,2.0,
EtFOSAA,2991-50-6,CKRXVVGETMYFIO-UHFFFAOYSA-N,,其它全氟,pKa,4.2,dimensionless,,,ACD/Labs predict,,predicted,3.0,
EtFOSAA,2991-50-6,CKRXVVGETMYFIO-UHFFFAOYSA-N,,其它全氟,logD,2.6,dimensionless (log L/L),,7.0,Estimate: logD = logKow + (pKa - pH) at pH 7,,predicted,3.0,Estimated from logKow=nan and pKa=4.2
6:2 FTSA,27619-97-2,VIONGDJUYAYOPU-UHFFFAOYSA-N,,FTS,logKow,3.9,dimensionless (log L/L),,,PubChem XLogP3,,predicted,2.0,From PubChem XLogP3 (calculated); verify with experimental data
6:2 FTSA,27619-97-2,VIONGDJUYAYOPU-UHFFFAOYSA-N,,FTS,logKoc,2.98,dimensionless (log L/kg OC),,,"NORMAN SusDat (predicted Koc, EPI Suite)",,predicted,2.0,Koc range: 946.92–946.92 L/kg → log10(geomean)
6:2 FTSA,27619-97-2,VIONGDJUYAYOPU-UHFFFAOYSA-N,,FTS,logKd,,dimensionless (log L/kg),,,,,,,
6:2 FTSA,27619-97-2,VIONGDJUYAYOPU-UHFFFAOYSA-N,,FTS,water_solubility,12.0,mg/L,25.0,,Wang 2011,,measured,1.0,
6:2 FTSA,27619-97-2,VIONGDJUYAYOPU-UHFFFAOYSA-N,,FTS,Henry_constant,0.00083,Pa·m³/mol,25.0,,EPI Suite HENRYWIN,,predicted,2.0,
6:2 FTSA,27619-97-2,VIONGDJUYAYOPU-UHFFFAOYSA-N,,FTS,vapor_pressure,0.013,Pa,25.0,,EPI Suite MPBPVP,,predicted,2.0,
6:2 FTSA,27619-97-2,VIONGDJUYAYOPU-UHFFFAOYSA-N,,FTS,pKa,-3.5,dimensionless,,,ACD/Labs predict,,predicted,2.0,
6:2 FTSA,27619-97-2,VIONGDJUYAYOPU-UHFFFAOYSA-N,,FTS,logD,-6.6,dimensionless (log L/L),,7.0,Estimate: logD = logKow + (pKa - pH) at pH 7,,predicted,3.0,Estimated from logKow=nan and pKa=-3.5
PFHpA,375-85-9,ZWBAMYVPMDSJGQ-UHFFFAOYSA-N,,PFCA,logKow,4.3,dimensionless (log L/L),,,PubChem XLogP3,,predicted,2.0,From PubChem XLogP3 (calculated); verify with experimental data
PFHpA,375-85-9,ZWBAMYVPMDSJGQ-UHFFFAOYSA-N,,PFCA,logKoc,3.32,dimensionless (log L/kg OC),,,"NORMAN SusDat (predicted Koc, EPI Suite)",,predicted,2.0,Koc range: 2112.45–2112.45 L/kg → log10(geomean)
PFHpA,375-85-9,ZWBAMYVPMDSJGQ-UHFFFAOYSA-N,,PFCA,logKd,,dimensionless (log L/kg),,,,,,,
PFHpA,375-85-9,ZWBAMYVPMDSJGQ-UHFFFAOYSA-N,,PFCA,water_solubility,4180.0,mg/L,25.0,,Wang 2011,,measured,1.0,
PFHpA,375-85-9,ZWBAMYVPMDSJGQ-UHFFFAOYSA-N,,PFCA,Henry_constant,0.27,Pa·m³/mol,25.0,,EPI Suite HENRYWIN,,predicted,2.0,
PFHpA,375-85-9,ZWBAMYVPMDSJGQ-UHFFFAOYSA-N,,PFCA,vapor_pressure,19.3,Pa,25.0,,EPI Suite MPBPVP,,predicted,2.0,
PFHpA,375-85-9,ZWBAMYVPMDSJGQ-UHFFFAOYSA-N,,PFCA,pKa,0.4,dimensionless,,,Goss 2008,,measured,1.0,
PFHpA,375-85-9,ZWBAMYVPMDSJGQ-UHFFFAOYSA-N,,PFCA,logD,-2.3,dimensionless (log L/L),,7.0,Estimate: logD = logKow + (pKa - pH) at pH 7,,predicted,3.0,Estimated from logKow=nan and pKa=0.4
PFHxA,307-24-4,PXUULQAPEKKVAH-UHFFFAOYSA-N,,PFCA,logKow,3.6,dimensionless (log L/L),,,PubChem XLogP3,,predicted,2.0,From PubChem XLogP3 (calculated); verify with experimental data
PFHxA,307-24-4,PXUULQAPEKKVAH-UHFFFAOYSA-N,,PFCA,logKoc,3.03,dimensionless (log L/kg OC),,,"NORMAN SusDat (predicted Koc, EPI Suite)",,predicted,2.0,Koc range: 1066.80–1066.80 L/kg → log10(geomean)
PFHxA,307-24-4,PXUULQAPEKKVAH-UHFFFAOYSA-N,,PFCA,logKd,,dimensionless (log L/kg),,,,,,,
PFHxA,307-24-4,PXUULQAPEKKVAH-UHFFFAOYSA-N,,PFCA,water_solubility,21600.0,mg/L,25.0,,Wang 2011,,measured,1.0,
PFHxA,307-24-4,PXUULQAPEKKVAH-UHFFFAOYSA-N,,PFCA,Henry_constant,0.18,Pa·m³/mol,25.0,,EPI Suite HENRYWIN,,predicted,2.0,
PFHxA,307-24-4,PXUULQAPEKKVAH-UHFFFAOYSA-N,,PFCA,vapor_pressure,87.6,Pa,25.0,,EPI Suite MPBPVP,,predicted,2.0,
PFHxA,307-24-4,PXUULQAPEKKVAH-UHFFFAOYSA-N,,PFCA,pKa,0.4,dimensionless,,,Goss 2008,,measured,1.0,
PFHxA,307-24-4,PXUULQAPEKKVAH-UHFFFAOYSA-N,,PFCA,logD,-3.0,dimensionless (log L/L),,7.0,Estimate: logD = logKow + (pKa - pH) at pH 7,,predicted,3.0,Estimated from logKow=nan and pKa=0.4
PFBS,375-73-5,JGTNAGYHADQMCM-UHFFFAOYSA-N,,PFSA,logKow,2.3,dimensionless (log L/L),,,PubChem XLogP3,,predicted,2.0,From PubChem XLogP3 (calculated); verify with experimental data
PFBS,375-73-5,JGTNAGYHADQMCM-UHFFFAOYSA-N,,PFSA,logKoc,2.31,dimensionless (log L/kg OC),,,"NORMAN SusDat (predicted Koc, EPI Suite)",,predicted,2.0,Koc range: 85.51–491.49 L/kg → log10(geomean)
PFBS,375-73-5,JGTNAGYHADQMCM-UHFFFAOYSA-N,,PFSA,logKd,,dimensionless (log L/kg),,,,,,,
PFBS,375-73-5,JGTNAGYHADQMCM-UHFFFAOYSA-N,,PFSA,water_solubility,46000.0,mg/L,25.0,,Wang 2011,,measured,1.0,
PFBS,375-73-5,JGTNAGYHADQMCM-UHFFFAOYSA-N,,PFSA,Henry_constant,0.0019,Pa·m³/mol,25.0,,EPI Suite HENRYWIN,,predicted,2.0,
PFBS,375-73-5,JGTNAGYHADQMCM-UHFFFAOYSA-N,,PFSA,vapor_pressure,0.63,Pa,25.0,,EPI Suite MPBPVP,,predicted,2.0,
PFBS,375-73-5,JGTNAGYHADQMCM-UHFFFAOYSA-N,,PFSA,pKa,0.14,dimensionless,,,Goss 2008,,measured,1.0,
PFBS,375-73-5,JGTNAGYHADQMCM-UHFFFAOYSA-N,,PFSA,logD,-4.56,dimensionless (log L/L),,7.0,Estimate: logD = logKow + (pKa - pH) at pH 7,,predicted,3.0,Estimated from logKow=nan and pKa=0.14
PFTA,376-06-7,RUDINRUXCKIXAJ-UHFFFAOYSA-N,,PFCA,logKow,9.0,dimensionless (log L/L),,,PubChem XLogP3,,predicted,2.0,From PubChem XLogP3 (calculated); verify with experimental data
PFTA,376-06-7,RUDINRUXCKIXAJ-UHFFFAOYSA-N,,PFCA,logKoc,5.37,dimensionless (log L/kg OC),,,"NORMAN SusDat (predicted Koc, EPI Suite)",,predicted,2.0,Koc range: 233361.00–233361.00 L/kg → log10(geomean)
PFTA,376-06-7,RUDINRUXCKIXAJ-UHFFFAOYSA-N,,PFCA,logKd,,dimensionless (log L/kg),,,,,,,
PFTA,376-06-7,RUDINRUXCKIXAJ-UHFFFAOYSA-N,,PFCA,water_solubility,0.02,mg/L,25.0,,EPI Suite WSKOW,,predicted,2.0,
PFTA,376-06-7,RUDINRUXCKIXAJ-UHFFFAOYSA-N,,PFCA,Henry_constant,1.7,Pa·m³/mol,25.0,,EPI Suite HENRYWIN,,predicted,2.0,
PFTA,376-06-7,RUDINRUXCKIXAJ-UHFFFAOYSA-N,,PFCA,vapor_pressure,0.004,Pa,25.0,,EPI Suite MPBPVP,,predicted,2.0,
PFTA,376-06-7,RUDINRUXCKIXAJ-UHFFFAOYSA-N,,PFCA,pKa,0.5,dimensionless,,,Goss 2008 (homolog),,predicted,2.0,
PFTA,376-06-7,RUDINRUXCKIXAJ-UHFFFAOYSA-N,,PFCA,logD,2.5,dimensionless (log L/L),,7.0,Estimate: logD = logKow + (pKa - pH) at pH 7,,predicted,3.0,Estimated from logKow=nan and pKa=0.5
8:2 FTSA,39108-34-4,ALVYVCQIFHTIRD-UHFFFAOYSA-N,,FTS,logKow,5.3,dimensionless (log L/L),,,PubChem XLogP3,,predicted,2.0,From PubChem XLogP3 (calculated); verify with experimental data
8:2 FTSA,39108-34-4,ALVYVCQIFHTIRD-UHFFFAOYSA-N,,FTS,logKoc,3.23,dimensionless (log L/kg OC),,,"NORMAN SusDat (predicted Koc, EPI Suite)",,predicted,2.0,Koc range: 1682.17–1682.17 L/kg → log10(geomean)
8:2 FTSA,39108-34-4,ALVYVCQIFHTIRD-UHFFFAOYSA-N,,FTS,logKd,,dimensionless (log L/kg),,,,,,,
8:2 FTSA,39108-34-4,ALVYVCQIFHTIRD-UHFFFAOYSA-N,,FTS,water_solubility,0.65,mg/L,25.0,,EPI Suite WSKOW,,predicted,2.0,
8:2 FTSA,39108-34-4,ALVYVCQIFHTIRD-UHFFFAOYSA-N,,FTS,Henry_constant,0.0033,Pa·m³/mol,25.0,,EPI Suite HENRYWIN,,predicted,2.0,
8:2 FTSA,39108-34-4,ALVYVCQIFHTIRD-UHFFFAOYSA-N,,FTS,vapor_pressure,0.0017,Pa,25.0,,EPI Suite MPBPVP,,predicted,2.0,
8:2 FTSA,39108-34-4,ALVYVCQIFHTIRD-UHFFFAOYSA-N,,FTS,pKa,-3.5,dimensionless,,,ACD/Labs predict,,predicted,2.0,
8:2 FTSA,39108-34-4,ALVYVCQIFHTIRD-UHFFFAOYSA-N,,FTS,logD,-5.2,dimensionless (log L/L),,7.0,Estimate: logD = logKow + (pKa - pH) at pH 7,,predicted,3.0,Estimated from logKow=nan and pKa=-3.5
PFPeA,2706-90-3,CXZGQIAOTKWCDB-UHFFFAOYSA-N,,PFCA,logKow,2.9,dimensionless (log L/L),,,PubChem XLogP3,,predicted,2.0,From PubChem XLogP3 (calculated); verify with experimental data
PFPeA,2706-90-3,CXZGQIAOTKWCDB-UHFFFAOYSA-N,,PFCA,logKoc,1.98,dimensionless (log L/kg OC),,,"NORMAN SusDat (predicted Koc, EPI Suite)",,predicted,2.0,Koc range: 95.88–95.88 L/kg → log10(geomean)
PFPeA,2706-90-3,CXZGQIAOTKWCDB-UHFFFAOYSA-N,,PFCA,logKd,,dimensionless (log L/kg),,,,,,,
PFPeA,2706-90-3,CXZGQIAOTKWCDB-UHFFFAOYSA-N,,PFCA,water_solubility,112000.0,mg/L,25.0,,Wang 2011,,measured,1.0,
PFPeA,2706-90-3,CXZGQIAOTKWCDB-UHFFFAOYSA-N,,PFCA,Henry_constant,0.11,Pa·m³/mol,25.0,,EPI Suite HENRYWIN,,predicted,2.0,
PFPeA,2706-90-3,CXZGQIAOTKWCDB-UHFFFAOYSA-N,,PFCA,vapor_pressure,384.0,Pa,25.0,,EPI Suite MPBPVP,,predicted,2.0,
PFPeA,2706-90-3,CXZGQIAOTKWCDB-UHFFFAOYSA-N,,PFCA,pKa,0.4,dimensionless,,,Goss 2008,,measured,1.0,
PFPeA,2706-90-3,CXZGQIAOTKWCDB-UHFFFAOYSA-N,,PFCA,logD,-3.7,dimensionless (log L/L),,7.0,Estimate: logD = logKow + (pKa - pH) at pH 7,,predicted,3.0,Estimated from logKow=nan and pKa=0.4
6:2 diPAP,,,,,logKow,,dimensionless (log L/L),,,,,,,
6:2 diPAP,,,,,logKoc,,dimensionless (log L/kg OC),,,,,,,
6:2 diPAP,,,,,logKd,,dimensionless (log L/kg),,,,,,,
6:2 diPAP,,,,,water_solubility,,mg/L,,,,,,,
6:2 diPAP,,,,,Henry_constant,,Pa·m³/mol,,,,,,,
6:2 diPAP,,,,,vapor_pressure,,Pa,,,,,,,
6:2 diPAP,,,,,pKa,,dimensionless,,,,,,,
6:2 diPAP,,,,,logD,,dimensionless (log L/L),,,,,,,
PFPeS,2706-91-4,ACEKLXZRZOWKRY-UHFFFAOYSA-N,,PFSA,logKow,3.0,dimensionless (log L/L),,,PubChem XLogP3,,predicted,2.0,From PubChem XLogP3 (calculated); verify with experimental data
PFPeS,2706-91-4,ACEKLXZRZOWKRY-UHFFFAOYSA-N,,PFSA,logKoc,3.02,dimensionless (log L/kg OC),,,"NORMAN SusDat (predicted Koc, EPI Suite)",,predicted,2.0,Koc range: 1048.05–1048.05 L/kg → log10(geomean)
PFPeS,2706-91-4,ACEKLXZRZOWKRY-UHFFFAOYSA-N,,PFSA,logKd,,dimensionless (log L/kg),,,,,,,
PFPeS,2706-91-4,ACEKLXZRZOWKRY-UHFFFAOYSA-N,,PFSA,water_solubility,17000.0,mg/L,25.0,,EPI Suite WSKOW,,predicted,2.0,
PFPeS,2706-91-4,ACEKLXZRZOWKRY-UHFFFAOYSA-N,,PFSA,Henry_constant,0.0023,Pa·m³/mol,25.0,,EPI Suite HENRYWIN,,predicted,2.0,
PFPeS,2706-91-4,ACEKLXZRZOWKRY-UHFFFAOYSA-N,,PFSA,vapor_pressure,0.16,Pa,25.0,,EPI Suite MPBPVP,,predicted,2.0,
PFPeS,2706-91-4,ACEKLXZRZOWKRY-UHFFFAOYSA-N,,PFSA,pKa,0.14,dimensionless,,,Goss 2008 (homolog),,predicted,2.0,
PFPeS,2706-91-4,ACEKLXZRZOWKRY-UHFFFAOYSA-N,,PFSA,logD,-3.86,dimensionless (log L/L),,7.0,Estimate: logD = logKow + (pKa - pH) at pH 7,,predicted,3.0,Estimated from logKow=nan and pKa=0.14
